column,data_type,missing_count,missing_percentage,unique_values,min,max,mean,median,outlier_count
date,datetime64[ns],0,0.0,78,,,,,0
supplier_id,object,0,0.0,8,,,,,0
supplier_name,object,0,0.0,8,,,,,0
supplier_country,object,0,0.0,7,,,,,0
supplier_reliability,float64,0,0.0,8,0.89,0.97,0.93,0.94,0
product_id,object,0,0.0,8,,,,,0
product_name,object,0,0.0,8,,,,,0
category,object,0,0.0,2,,,,,0
demand_units,int64,0,0.0,480,402.0,1848.0,951.0,919.5,11
inventory_units,int64,0,0.0,550,180.0,4265.0,1290.95,1040.0,15
supplier_capacity_units,int64,0,0.0,525,1001.0,2638.0,1881.42,1910.0,0
planned_lead_time_days,int64,0,0.0,15,2.0,16.0,8.2,8.0,0
actual_lead_time_days,int64,0,0.0,28,2.0,30.0,9.32,9.0,16
delay_occurred,int64,0,0.0,2,0.0,1.0,0.14,0.0,0
delay_days,int64,0,0.0,14,0.0,15.0,1.12,0.0,85
unit_cost_usd,float64,0,0.0,607,8.0,149.84,80.01,81.72,0
transport_cost_usd,float64,0,0.0,624,500.61,4990.19,2773.96,2724.56,0
secondary_supplier_premium_pct,float64,0,0.0,149,0.05,0.2,0.12,0.12,0
inventory_demand_ratio,float64,0,0.0,517,0.33,2.74,1.36,1.09,0
estimated_primary_cost_usd,float64,0,0.0,624,6200.39,234781.4,78728.12,72060.51,0
estimated_secondary_cost_usd,float64,0,0.0,624,7370.6,269353.13,88396.5,79880.8,0
air_freight_cost_usd,float64,0,0.0,624,2143.95,23776.74,9965.51,9449.75,1
service_risk,object,0,0.0,3,,,,,0
demand_outlier_flag,int64,0,0.0,2,0.0,1.0,0.02,0.0,0
inventory_outlier_flag,int64,0,0.0,2,0.0,1.0,0.02,0.0,0
cost_outlier_flag,int64,0,0.0,2,0.0,1.0,0.04,0.0,0
lead_time_outlier_flag,int64,0,0.0,2,0.0,1.0,0.02,0.0,0
inventory_coverage_ratio,float64,0,0.0,612,0.33,2.74,1.36,1.09,0
inventory_gap_units,int64,0,0.0,512,-2628.0,1144.0,-339.95,-81.5,0
shortage_flag,int64,0,0.0,2,0.0,1.0,0.47,0.0,0
capacity_utilization,float64,0,0.0,594,0.16,1.08,0.53,0.5,0
demand_pressure,float64,0,0.0,594,0.16,1.08,0.53,0.5,0
supplier_risk_score,float64,0,0.0,8,0.03,0.11,0.07,0.07,0
cost_per_demand_unit,float64,0,0.0,612,10.27,156.59,83.27,84.46,0
secondary_cost_difference,float64,0,0.0,624,424.77,43816.89,9668.38,8008.4,0
air_freight_premium,float64,0,0.0,624,1643.34,18814.11,7191.55,6553.83,0
lead_time_variance_days,int64,0,0.0,14,0.0,15.0,1.12,0.0,0
lead_time_risk,object,0,0.0,3,,,,,0
previous_delay_days,int64,0,0.0,14,0.0,15.0,0.96,0.0,0
previous_delay_flag,int64,0,0.0,2,0.0,1.0,0.12,0.0,0
rolling_average_delay,float64,0,0.0,42,0.0,14.0,0.95,0.0,0
rolling_average_demand,float64,0,0.0,522,425.0,1848.0,952.53,950.75,0
rolling_average_inventory,float64,0,0.0,544,325.0,3618.0,1289.26,1190.1,0
