date,supplier_id,supplier_name,supplier_country,supplier_reliability,product_id,product_name,category,demand_units,inventory_units,supplier_capacity_units,planned_lead_time_days,actual_lead_time_days,delay_occurred,delay_days,unit_cost_usd,transport_cost_usd,secondary_supplier_premium_pct,inventory_demand_ratio,estimated_primary_cost_usd,estimated_secondary_cost_usd,air_freight_cost_usd,service_risk
2025-01-01,SUP002,Beta Electronics,Vietnam,0.92,P001,Microchips,Electronics,1414,1014,1435,13,13,0,0,28.29,3429.0,0.058,0.717,43431.06,45850.62,15518.63,Medium
2025-01-01,SUP006,Zeta Industrial,South Korea,0.97,P002,Processors,Electronics,935,1945,2315,7,7,0,0,69.34,1810.53,0.142,2.08,66643.43,75978.25,5209.83,Low
2025-01-01,SUP001,Alpha Components,India,0.96,P003,Memory Modules,Electronics,989,1651,2186,5,5,0,0,14.6,3233.95,0.076,1.669,17673.35,18893.63,8722.68,Low
2025-01-01,SUP008,Theta Components,Singapore,0.93,P004,Display Panels,Electronics,715,1096,1113,6,6,0,0,42.23,3574.69,0.141,1.533,33769.14,38278.57,14483.57,Low
2025-01-01,SUP003,Gamma Semiconductors,Taiwan,0.89,P005,Battery Cells,Energy,480,742,2585,15,15,0,0,88.61,640.91,0.176,1.546,43173.71,50715.88,2609.95,Medium
2025-01-01,SUP005,Epsilon Tech,Malaysia,0.91,P006,Sensors,Electronics,969,839,1815,12,12,0,0,127.92,3862.94,0.131,0.866,127817.42,144308.48,14765.09,Medium
2025-01-01,SUP004,Delta Manufacturing,China,0.94,P007,Power Modules,Electronics,687,540,1579,6,17,1,11,117.66,1394.22,0.051,0.786,82226.64,86384.65,6653.65,High
2025-01-01,SUP007,Eta Systems,India,0.95,P008,Circuit Boards,Electronics,1218,3192,1488,3,3,0,0,130.56,3304.84,0.1,2.621,162326.92,178394.37,8239.0,Low
2025-01-08,SUP006,Zeta Industrial,South Korea,0.97,P001,Microchips,Electronics,1346,1321,2206,8,8,0,0,87.7,3969.35,0.124,0.981,122013.55,136897.13,14333.82,Medium
2025-01-08,SUP001,Alpha Components,India,0.96,P002,Processors,Electronics,1103,366,2391,2,2,0,0,80.22,4584.05,0.087,0.332,93066.71,100964.11,15119.27,High
2025-01-08,SUP002,Beta Electronics,Vietnam,0.92,P003,Memory Modules,Electronics,835,357,1724,11,11,0,0,96.66,1830.35,0.066,0.428,82541.45,87928.78,6408.71,High
2025-01-08,SUP007,Eta Systems,India,0.95,P004,Display Panels,Electronics,739,543,2554,2,2,0,0,23.63,1525.71,0.114,0.735,18988.28,21065.98,7434.73,Medium
2025-01-08,SUP004,Delta Manufacturing,China,0.94,P005,Battery Cells,Energy,758,1312,1909,10,10,0,0,46.26,1598.56,0.075,1.731,36663.64,39353.47,5109.27,Low
2025-01-08,SUP003,Gamma Semiconductors,Taiwan,0.89,P006,Sensors,Electronics,812,627,2520,16,16,0,0,50.72,1781.78,0.056,0.772,42966.42,45322.65,7238.13,Medium
2025-01-08,SUP005,Epsilon Tech,Malaysia,0.91,P007,Power Modules,Electronics,553,533,1854,6,6,0,0,83.39,2515.02,0.133,0.964,48629.69,54930.19,8724.65,Medium
2025-01-08,SUP008,Theta Components,Singapore,0.93,P008,Circuit Boards,Electronics,922,1515,1500,5,5,0,0,64.63,4173.94,0.17,1.643,63762.8,74247.69,10647.74,Low
2025-01-15,SUP001,Alpha Components,India,0.96,P001,Microchips,Electronics,1202,1678,1845,5,5,0,0,64.46,2829.88,0.176,1.396,80310.8,94196.47,12210.47,Low
2025-01-15,SUP002,Beta Electronics,Vietnam,0.92,P002,Processors,Electronics,700,1701,1462,14,14,0,0,45.04,4983.14,0.195,2.43,36511.14,43144.96,17273.35,Medium
2025-01-15,SUP006,Zeta Industrial,South Korea,0.97,P003,Memory Modules,Electronics,808,736,2356,8,8,0,0,65.44,4494.97,0.178,0.911,57370.49,67182.38,19944.34,Medium
2025-01-15,SUP007,Eta Systems,India,0.95,P004,Display Panels,Electronics,503,180,1453,4,4,0,0,48.32,1874.14,0.123,0.358,26179.1,29283.87,6643.75,High
2025-01-15,SUP004,Delta Manufacturing,China,0.94,P005,Battery Cells,Energy,560,735,2000,13,13,0,0,128.59,3459.26,0.135,1.312,75469.66,85424.56,7873.26,Low
2025-01-15,SUP003,Gamma Semiconductors,Taiwan,0.89,P006,Sensors,Electronics,1074,1055,2045,14,14,0,0,136.67,2454.77,0.103,0.982,149238.35,164483.48,10370.82,Medium
2025-01-15,SUP005,Epsilon Tech,Malaysia,0.91,P007,Power Modules,Electronics,980,828,1452,7,10,1,3,14.19,4975.48,0.12,0.845,18881.68,20848.95,14572.87,High
2025-01-15,SUP008,Theta Components,Singapore,0.93,P008,Circuit Boards,Electronics,1079,1058,2472,4,4,0,0,18.7,1875.64,0.079,0.981,22052.94,23721.03,6449.13,Medium
2025-01-22,SUP007,Eta Systems,India,0.95,P001,Microchips,Electronics,1425,1103,2178,3,3,0,0,113.19,3636.57,0.155,0.774,164932.32,190215.0,11735.93,Medium
2025-01-22,SUP004,Delta Manufacturing,China,0.94,P002,Processors,Electronics,1087,1242,2120,12,12,0,0,121.36,3424.84,0.155,1.143,135343.16,156055.92,15243.98,Low
2025-01-22,SUP005,Epsilon Tech,Malaysia,0.91,P003,Memory Modules,Electronics,1270,924,2336,10,10,0,0,54.6,1197.69,0.197,0.728,70539.69,84318.04,7476.39,Medium
2025-01-22,SUP003,Gamma Semiconductors,Taiwan,0.89,P004,Display Panels,Electronics,704,1148,1681,13,13,0,0,125.56,1721.94,0.195,1.631,90116.18,107520.95,6582.39,Medium
2025-01-22,SUP006,Zeta Industrial,South Korea,0.97,P005,Battery Cells,Energy,749,930,1146,13,13,0,0,81.31,1953.3,0.169,1.242,62854.49,73311.84,6027.76,Low
2025-01-22,SUP008,Theta Components,Singapore,0.93,P006,Sensors,Electronics,1045,756,1840,8,8,0,0,66.07,1279.82,0.073,0.723,70322.97,75409.83,4978.23,Medium
2025-01-22,SUP001,Alpha Components,India,0.96,P007,Power Modules,Electronics,547,815,2100,6,6,0,0,86.72,3252.74,0.113,1.49,50688.58,56232.61,8627.94,Low
2025-01-22,SUP002,Beta Electronics,Vietnam,0.92,P008,Circuit Boards,Electronics,1796,652,1781,10,16,1,6,32.9,577.22,0.165,0.363,59665.62,69462.83,4885.78,High
2025-01-29,SUP003,Gamma Semiconductors,Taiwan,0.89,P001,Microchips,Electronics,899,633,1801,12,12,0,0,129.62,3464.12,0.074,0.704,119992.5,128743.77,8587.42,Medium
2025-01-29,SUP001,Alpha Components,India,0.96,P002,Processors,Electronics,1046,2512,2395,5,5,0,0,99.35,2562.14,0.132,2.402,106482.24,120368.79,12052.84,Low
2025-01-29,SUP004,Delta Manufacturing,China,0.94,P003,Memory Modules,Electronics,1216,1633,2391,7,11,1,4,104.99,820.35,0.098,1.343,128488.19,141039.84,4398.5,High
2025-01-29,SUP007,Eta Systems,India,0.95,P004,Display Panels,Electronics,817,600,1314,6,6,0,0,141.0,676.34,0.113,0.734,115873.34,128928.81,4276.54,Medium
2025-01-29,SUP002,Beta Electronics,Vietnam,0.92,P005,Battery Cells,Energy,856,2340,2119,9,9,0,0,118.25,2033.62,0.19,2.734,103255.62,122680.99,9256.99,Medium
2025-01-29,SUP005,Epsilon Tech,Malaysia,0.91,P006,Sensors,Electronics,1224,1445,1402,4,4,0,0,78.51,2253.28,0.095,1.181,98349.52,107585.69,5918.81,Medium
2025-01-29,SUP008,Theta Components,Singapore,0.93,P007,Power Modules,Electronics,944,1530,2356,5,5,0,0,142.99,3080.47,0.145,1.621,138063.03,157858.84,10219.45,Low
2025-01-29,SUP006,Zeta Industrial,South Korea,0.97,P008,Circuit Boards,Electronics,1848,1801,2638,13,13,0,0,20.95,2724.89,0.059,0.975,41440.49,43805.09,11570.5,Medium
2025-02-05,SUP001,Alpha Components,India,0.96,P001,Microchips,Electronics,808,2034,1573,7,7,0,0,107.54,827.43,0.173,2.517,87719.75,102823.69,3798.45,Low
2025-02-05,SUP004,Delta Manufacturing,China,0.94,P002,Processors,Electronics,714,1792,1538,11,11,0,0,142.51,4937.0,0.163,2.51,106689.14,123677.1,14148.25,Low
2025-02-05,SUP008,Theta Components,Singapore,0.93,P003,Memory Modules,Electronics,1244,2168,2019,3,3,0,0,69.69,1641.57,0.111,1.743,88335.93,98050.11,7832.95,Low
2025-02-05,SUP002,Beta Electronics,Vietnam,0.92,P004,Display Panels,Electronics,855,1969,2028,8,8,0,0,144.63,2186.92,0.093,2.303,125845.57,137447.52,9637.15,Medium
2025-02-05,SUP006,Zeta Industrial,South Korea,0.97,P005,Battery Cells,Energy,533,362,1157,10,10,0,0,14.16,4660.89,0.188,0.679,12208.17,14065.18,12308.57,High
2025-02-05,SUP003,Gamma Semiconductors,Taiwan,0.89,P006,Sensors,Electronics,1140,870,2465,16,16,0,0,97.11,3129.41,0.185,0.763,113834.81,134604.78,7594.71,Medium
2025-02-05,SUP005,Epsilon Tech,Malaysia,0.91,P007,Power Modules,Electronics,723,1300,1783,8,8,0,0,34.71,2586.64,0.103,1.798,27681.97,30400.0,9086.56,Medium
2025-02-05,SUP007,Eta Systems,India,0.95,P008,Circuit Boards,Electronics,840,1866,1939,2,2,0,0,66.39,3212.52,0.091,2.221,58980.12,64201.14,7745.41,Low
2025-02-12,SUP004,Delta Manufacturing,China,0.94,P001,Microchips,Electronics,809,1590,2023,10,13,1,3,118.42,2661.67,0.198,1.965,98463.45,117695.71,8916.23,High
2025-02-12,SUP007,Eta Systems,India,0.95,P002,Processors,Electronics,766,1890,2026,3,6,1,3,9.94,839.12,0.154,2.467,8453.16,9690.33,4214.18,High
2025-02-12,SUP001,Alpha Components,India,0.96,P003,Memory Modules,Electronics,1236,3280,1522,3,3,0,0,42.23,1422.7,0.088,2.654,53618.98,58274.85,5119.13,Low
2025-02-12,SUP008,Theta Components,Singapore,0.93,P004,Display Panels,Electronics,848,918,1980,8,8,0,0,103.36,2841.38,0.166,1.083,90490.66,105276.28,10593.62,Low
2025-02-12,SUP005,Epsilon Tech,Malaysia,0.91,P005,Battery Cells,Energy,453,1148,1235,12,12,0,0,76.17,2392.41,0.168,2.534,36897.42,42895.22,8977.44,Medium
2025-02-12,SUP003,Gamma Semiconductors,Taiwan,0.89,P006,Sensors,Electronics,802,2178,2445,11,11,0,0,63.7,2468.64,0.186,2.716,53556.04,63287.88,7927.2,Medium
2025-02-12,SUP002,Beta Electronics,Vietnam,0.92,P007,Power Modules,Electronics,971,827,2219,6,6,0,0,28.88,4669.64,0.124,0.852,32712.12,36478.91,12939.26,Medium
2025-02-12,SUP006,Zeta Industrial,South Korea,0.97,P008,Circuit Boards,Electronics,1345,1023,1297,8,8,0,0,18.77,1079.96,0.069,0.761,26325.61,28104.82,3962.73,Medium
2025-02-19,SUP002,Beta Electronics,Vietnam,0.92,P001,Microchips,Electronics,892,674,1871,8,8,0,0,57.0,2064.29,0.055,0.756,52908.29,55761.48,8041.28,Medium
2025-02-19,SUP005,Epsilon Tech,Malaysia,0.91,P002,Processors,Electronics,1073,1315,1345,13,13,0,0,13.58,4097.35,0.144,1.226,18668.69,21061.97,10658.24,Medium
2025-02-19,SUP006,Zeta Industrial,South Korea,0.97,P003,Memory Modules,Electronics,847,791,1436,6,6,0,0,148.05,2914.66,0.189,0.934,128313.01,152288.73,8710.59,Medium
2025-02-19,SUP003,Gamma Semiconductors,Taiwan,0.89,P004,Display Panels,Electronics,477,529,2239,12,12,0,0,109.3,4528.43,0.127,1.109,56664.53,63573.37,14487.99,Medium
2025-02-19,SUP001,Alpha Components,India,0.96,P005,Battery Cells,Energy,905,1289,2305,2,2,0,0,33.88,3037.84,0.176,1.424,33699.24,39362.98,7750.2,Low
2025-02-19,SUP007,Eta Systems,India,0.95,P006,Sensors,Electronics,1236,1035,1344,3,3,0,0,78.78,891.14,0.131,0.837,98263.22,111077.33,5477.2,Medium
2025-02-19,SUP004,Delta Manufacturing,China,0.94,P007,Power Modules,Electronics,868,369,1947,11,11,0,0,94.27,1599.59,0.125,0.425,83425.95,93754.22,6231.14,High
2025-02-19,SUP008,Theta Components,Singapore,0.93,P008,Circuit Boards,Electronics,1461,1127,1637,5,5,0,0,20.48,4126.39,0.058,0.771,34047.67,35902.77,17343.38,Medium
2025-02-26,SUP001,Alpha Components,India,0.96,P001,Microchips,Electronics,1646,3060,2191,7,7,0,0,139.97,3005.43,0.136,1.859,233396.05,264933.54,10975.15,Low
2025-02-26,SUP008,Theta Components,Singapore,0.93,P002,Processors,Electronics,875,720,2533,2,2,0,0,83.24,3682.54,0.165,0.823,76517.54,88839.12,8939.31,Medium
2025-02-26,SUP003,Gamma Semiconductors,Taiwan,0.89,P003,Memory Modules,Electronics,1310,1429,2054,11,11,0,0,85.9,2970.15,0.08,1.091,115499.15,124620.28,11708.8,Medium
2025-02-26,SUP006,Zeta Industrial,South Korea,0.97,P004,Display Panels,Electronics,718,1466,1428,13,13,0,0,120.79,980.15,0.178,2.042,87707.37,103232.05,4677.04,Low
2025-02-26,SUP002,Beta Electronics,Vietnam,0.92,P005,Battery Cells,Energy,775,628,2360,6,6,0,0,89.58,4288.23,0.071,0.81,73712.73,78794.1,16912.9,Medium
2025-02-26,SUP004,Delta Manufacturing,China,0.94,P006,Sensors,Electronics,990,761,1924,9,9,0,0,91.54,3573.42,0.118,0.769,94198.02,105102.55,14879.71,Medium
2025-02-26,SUP005,Epsilon Tech,Malaysia,0.91,P007,Power Modules,Electronics,624,1103,1421,4,4,0,0,135.74,2227.51,0.132,1.768,86929.27,98256.92,10063.83,Medium
2025-02-26,SUP007,Eta Systems,India,0.95,P008,Circuit Boards,Electronics,997,1581,1778,5,5,0,0,96.05,2900.57,0.184,1.586,98662.42,116549.45,11934.57,Low
2025-03-05,SUP004,Delta Manufacturing,China,0.94,P001,Microchips,Electronics,995,1855,1797,6,6,0,0,84.18,2204.7,0.119,1.864,85963.8,96062.31,8908.84,Low
2025-03-05,SUP002,Beta Electronics,Vietnam,0.92,P002,Processors,Electronics,1197,2054,2484,7,12,1,5,106.54,2942.26,0.088,1.716,130470.64,141822.6,9260.23,High
2025-03-05,SUP008,Theta Components,Singapore,0.93,P003,Memory Modules,Electronics,1349,1125,2406,7,7,0,0,137.48,1126.02,0.065,0.834,186586.54,198678.07,5536.96,Medium
2025-03-05,SUP006,Zeta Industrial,South Korea,0.97,P004,Display Panels,Electronics,859,1906,2103,13,25,1,12,117.52,2184.96,0.06,2.219,103134.64,109257.17,5331.71,High
2025-03-05,SUP003,Gamma Semiconductors,Taiwan,0.89,P005,Battery Cells,Energy,696,510,1778,14,20,1,6,25.7,4643.79,0.18,0.733,22530.99,26168.63,15454.61,High
2025-03-05,SUP007,Eta Systems,India,0.95,P006,Sensors,Electronics,1130,1537,2168,2,13,1,11,24.23,2365.27,0.18,1.36,29745.17,34886.43,11416.17,High
2025-03-05,SUP005,Epsilon Tech,Malaysia,0.91,P007,Power Modules,Electronics,974,1975,1417,14,14,0,0,28.0,1293.74,0.125,2.028,28565.74,32055.6,5940.08,Medium
2025-03-05,SUP001,Alpha Components,India,0.96,P008,Circuit Boards,Electronics,976,2056,1784,5,5,0,0,81.15,4889.94,0.119,2.107,84092.34,93808.38,17578.31,Low
2025-03-12,SUP003,Gamma Semiconductors,Taiwan,0.89,P001,Microchips,Electronics,1014,974,1434,15,30,1,15,61.64,4264.54,0.138,0.961,66767.5,75687.16,12785.77,High
2025-03-12,SUP002,Beta Electronics,Vietnam,0.92,P002,Processors,Electronics,743,606,1701,11,11,0,0,22.62,2004.63,0.061,0.816,18811.29,19897.64,8278.77,Medium
2025-03-12,SUP008,Theta Components,Singapore,0.93,P003,Memory Modules,Electronics,961,2607,2503,9,9,0,0,101.57,621.93,0.083,2.713,98230.7,106358.04,3393.92,Low
2025-03-12,SUP004,Delta Manufacturing,China,0.94,P004,Display Panels,Electronics,727,629,2277,8,8,0,0,41.82,947.49,0.086,0.865,31350.63,34006.04,5008.04,Medium
2025-03-12,SUP006,Zeta Industrial,South Korea,0.97,P005,Battery Cells,Energy,890,1110,1551,11,11,0,0,135.28,558.51,0.063,1.247,120957.71,128560.45,2209.39,Low
2025-03-12,SUP001,Alpha Components,India,0.96,P006,Sensors,Electronics,1080,2410,2047,2,2,0,0,56.54,1667.41,0.107,2.231,62730.61,69353.58,6877.83,Low
2025-03-12,SUP005,Epsilon Tech,Malaysia,0.91,P007,Power Modules,Electronics,760,654,1804,5,5,0,0,39.17,4885.46,0.167,0.861,34654.66,40034.05,11538.26,Medium
2025-03-12,SUP007,Eta Systems,India,0.95,P008,Circuit Boards,Electronics,858,721,1327,2,2,0,0,84.91,3350.65,0.089,0.84,76203.43,82836.43,9084.37,Medium
2025-03-19,SUP003,Gamma Semiconductors,Taiwan,0.89,P001,Microchips,Electronics,1604,3091,1578,11,11,0,0,46.92,2993.8,0.148,1.927,78253.48,89613.45,13451.28,Medium
2025-03-19,SUP008,Theta Components,Singapore,0.93,P002,Processors,Electronics,891,2254,1126,9,9,0,0,97.9,2724.23,0.136,2.53,89953.13,102001.51,11814.74,Low
2025-03-19,SUP006,Zeta Industrial,South Korea,0.97,P003,Memory Modules,Electronics,1357,1240,1386,8,13,1,5,42.84,2251.83,0.093,0.914,60385.71,65896.87,8796.11,High
2025-03-19,SUP001,Alpha Components,India,0.96,P004,Display Panels,Electronics,626,1353,1809,7,7,0,0,76.69,1714.6,0.131,2.161,49722.54,56123.89,5169.17,Low
2025-03-19,SUP005,Epsilon Tech,Malaysia,0.91,P005,Battery Cells,Energy,906,798,1364,5,16,1,11,57.92,2357.57,0.156,0.881,54833.09,63203.16,9159.54,High
2025-03-19,SUP007,Eta Systems,India,0.95,P006,Sensors,Electronics,830,563,2452,7,7,0,0,59.26,912.12,0.188,0.678,50097.92,59430.59,3954.37,High
2025-03-19,SUP002,Beta Electronics,Vietnam,0.92,P007,Power Modules,Electronics,810,2047,1211,13,13,0,0,115.78,3758.46,0.146,2.527,97540.26,111506.77,17517.92,Medium
2025-03-19,SUP004,Delta Manufacturing,China,0.94,P008,Circuit Boards,Electronics,1288,693,1246,6,13,1,7,75.2,1907.85,0.068,0.538,98765.45,105416.63,8441.47,High
2025-03-26,SUP001,Alpha Components,India,0.96,P001,Microchips,Electronics,1171,2492,1901,7,7,0,0,40.66,1042.55,0.062,2.128,48655.41,51639.73,5386.78,Low
2025-03-26,SUP004,Delta Manufacturing,China,0.94,P002,Processors,Electronics,732,320,2182,6,6,0,0,101.96,3820.35,0.128,0.437,78455.07,88252.82,12484.63,High
2025-03-26,SUP006,Zeta Industrial,South Korea,0.97,P003,Memory Modules,Electronics,1249,3414,1459,8,8,0,0,83.11,4725.8,0.17,2.733,108530.19,126578.63,21730.99,Low
2025-03-26,SUP007,Eta Systems,India,0.95,P004,Display Panels,Electronics,876,1838,1517,5,5,0,0,117.09,2379.95,0.113,2.098,104950.79,116675.76,9686.64,Low
2025-03-26,SUP005,Epsilon Tech,Malaysia,0.91,P005,Battery Cells,Energy,402,381,2165,5,5,0,0,13.98,580.43,0.198,0.948,6200.39,7370.6,2274.42,Medium
2025-03-26,SUP003,Gamma Semiconductors,Taiwan,0.89,P006,Sensors,Electronics,1043,1017,1963,14,14,0,0,91.57,4920.49,0.183,0.975,100428.0,118356.1,18408.69,Medium
2025-03-26,SUP002,Beta Electronics,Vietnam,0.92,P007,Power Modules,Electronics,725,807,2376,13,13,0,0,100.25,3234.82,0.127,1.113,75916.07,85352.0,8530.47,Medium
2025-03-26,SUP008,Theta Components,Singapore,0.93,P008,Circuit Boards,Electronics,1017,942,2036,7,7,0,0,97.43,1473.46,0.128,0.926,100559.77,113337.12,6582.31,Medium
2025-04-02,SUP006,Zeta Industrial,South Korea,0.97,P001,Microchips,Electronics,1015,1414,1102,13,13,0,0,12.95,4527.15,0.179,1.393,17671.4,20429.4,14729.5,Low
2025-04-02,SUP001,Alpha Components,India,0.96,P002,Processors,Electronics,1184,3164,2040,5,15,1,10,140.29,3808.46,0.092,2.672,169911.82,185368.52,10357.54,High
2025-04-02,SUP004,Delta Manufacturing,China,0.94,P003,Memory Modules,Electronics,1050,1199,2399,10,10,0,0,16.74,4473.08,0.127,1.142,22050.08,24566.4,19733.15,Low
2025-04-02,SUP005,Epsilon Tech,Malaysia,0.91,P004,Display Panels,Electronics,439,644,1039,9,9,0,0,131.28,1603.78,0.074,1.467,59235.7,63559.8,4163.14,Medium
2025-04-02,SUP007,Eta Systems,India,0.95,P005,Battery Cells,Energy,956,1133,2568,4,4,0,0,30.52,4463.92,0.181,1.185,33641.04,39326.08,10488.62,Low
2025-04-02,SUP008,Theta Components,Singapore,0.93,P006,Sensors,Electronics,1093,1001,1771,8,12,1,4,126.16,2783.6,0.051,0.916,140676.48,147780.0,9032.53,High
2025-04-02,SUP002,Beta Electronics,Vietnam,0.92,P007,Power Modules,Electronics,612,890,2456,13,13,0,0,26.24,1775.04,0.053,1.454,17833.92,18732.08,6419.69,Medium
2025-04-02,SUP003,Gamma Semiconductors,Taiwan,0.89,P008,Circuit Boards,Electronics,1371,1617,1605,13,19,1,6,17.63,1854.34,0.156,1.179,26025.07,29940.34,6205.78,High
2025-04-09,SUP008,Theta Components,Singapore,0.93,P001,Microchips,Electronics,1503,3475,2089,4,4,0,0,62.47,795.32,0.173,2.312,94687.73,110999.91,5490.27,Low
2025-04-09,SUP005,Epsilon Tech,Malaysia,0.91,P002,Processors,Electronics,1008,382,1569,5,5,0,0,68.52,2531.24,0.075,0.379,71599.4,76874.43,11441.53,High
2025-04-09,SUP004,Delta Manufacturing,China,0.94,P003,Memory Modules,Electronics,929,686,2173,8,8,0,0,29.45,2445.51,0.192,0.738,29804.56,35292.27,8684.18,Medium
2025-04-09,SUP007,Eta Systems,India,0.95,P004,Display Panels,Electronics,852,775,2480,3,3,0,0,12.42,3432.5,0.105,0.91,14014.34,15305.64,14755.85,Medium
2025-04-09,SUP003,Gamma Semiconductors,Taiwan,0.89,P005,Battery Cells,Energy,983,936,2083,14,27,1,13,127.96,3924.61,0.144,0.952,129709.29,148104.86,9331.46,High
2025-04-09,SUP002,Beta Electronics,Vietnam,0.92,P006,Sensors,Electronics,1077,898,2098,12,26,1,14,43.15,3012.86,0.084,0.834,49485.41,53515.64,8715.58,High
2025-04-09,SUP006,Zeta Industrial,South Korea,0.97,P007,Power Modules,Electronics,616,951,1485,10,10,0,0,73.97,3562.05,0.109,1.544,49127.57,54288.34,16027.35,Low
2025-04-09,SUP001,Alpha Components,India,0.96,P008,Circuit Boards,Electronics,810,2160,1800,2,10,1,8,114.38,1156.65,0.065,2.667,93804.45,99864.15,4499.09,High
2025-04-16,SUP005,Epsilon Tech,Malaysia,0.91,P001,Microchips,Electronics,1041,2649,1001,4,4,0,0,58.81,1949.43,0.197,2.545,63170.64,75423.24,6572.14,Medium
2025-04-16,SUP003,Gamma Semiconductors,Taiwan,0.89,P002,Processors,Electronics,692,393,1993,12,25,1,13,12.49,4712.96,0.058,0.568,13356.04,13994.01,16033.99,High
2025-04-16,SUP002,Beta Electronics,Vietnam,0.92,P003,Memory Modules,Electronics,1063,995,2307,12,12,0,0,86.53,3188.64,0.168,0.936,95170.03,110890.75,10547.76,Medium
2025-04-16,SUP001,Alpha Components,India,0.96,P004,Display Panels,Electronics,413,308,1511,6,6,0,0,54.72,2615.82,0.162,0.746,25215.18,29088.16,10863.46,Medium
2025-04-16,SUP007,Eta Systems,India,0.95,P005,Battery Cells,Energy,687,485,1506,4,4,0,0,149.48,4886.57,0.148,0.706,107579.33,123139.46,12523.99,Medium
2025-04-16,SUP004,Delta Manufacturing,China,0.94,P006,Sensors,Electronics,792,661,2430,10,10,0,0,113.46,2414.72,0.102,0.835,92275.04,101563.94,8462.12,Medium
2025-04-16,SUP008,Theta Components,Singapore,0.93,P007,Power Modules,Electronics,651,1151,2046,6,6,0,0,94.08,3189.76,0.169,1.768,64435.84,75055.96,12375.76,Low
2025-04-16,SUP006,Zeta Industrial,South Korea,0.97,P008,Circuit Boards,Electronics,985,799,2369,7,7,0,0,112.1,1092.05,0.157,0.811,111510.55,128931.98,5598.67,Medium
2025-04-23,SUP005,Epsilon Tech,Malaysia,0.91,P001,Microchips,Electronics,1352,635,1569,11,11,0,0,102.09,928.68,0.148,0.47,138954.36,159450.88,4528.61,High
2025-04-23,SUP008,Theta Components,Singapore,0.93,P002,Processors,Electronics,712,383,2352,5,5,0,0,145.71,2542.05,0.085,0.538,106287.57,115213.98,5917.39,High
2025-04-23,SUP001,Alpha Components,India,0.96,P003,Memory Modules,Electronics,1160,1010,1756,5,5,0,0,31.72,1254.29,0.056,0.871,38049.49,40145.14,6789.53,Medium
2025-04-23,SUP003,Gamma Semiconductors,Taiwan,0.89,P004,Display Panels,Electronics,564,1359,1304,13,13,0,0,87.26,2929.58,0.055,2.41,52144.22,54931.59,12878.71,Medium
2025-04-23,SUP002,Beta Electronics,Vietnam,0.92,P005,Battery Cells,Energy,692,385,2243,8,8,0,0,140.61,1922.7,0.126,0.556,99224.82,111606.02,4498.68,High
2025-04-23,SUP007,Eta Systems,India,0.95,P006,Sensors,Electronics,941,970,2439,2,2,0,0,131.24,2546.33,0.127,1.031,126043.17,141888.96,9453.11,Low
2025-04-23,SUP006,Zeta Industrial,South Korea,0.97,P007,Power Modules,Electronics,839,364,1250,13,13,0,0,112.07,1230.72,0.078,0.434,95257.45,102639.53,5409.5,High
2025-04-23,SUP004,Delta Manufacturing,China,0.94,P008,Circuit Boards,Electronics,1316,1174,1301,12,12,0,0,105.02,2737.29,0.143,0.892,140943.61,160902.83,13077.77,Medium
2025-04-30,SUP002,Beta Electronics,Vietnam,0.92,P001,Microchips,Electronics,1086,2183,2276,7,7,0,0,14.85,4897.28,0.111,2.01,21024.38,23086.29,21409.99,Medium
2025-04-30,SUP007,Eta Systems,India,0.95,P002,Processors,Electronics,1138,2888,2382,6,6,0,0,139.45,2471.78,0.185,2.538,161165.88,190752.93,11336.55,Low
2025-04-30,SUP005,Epsilon Tech,Malaysia,0.91,P003,Memory Modules,Electronics,1164,915,2418,10,13,1,3,60.04,2282.78,0.154,0.786,72169.34,83107.64,8185.21,High
2025-04-30,SUP006,Zeta Industrial,South Korea,0.97,P004,Display Panels,Electronics,704,539,1835,7,7,0,0,31.92,3391.59,0.164,0.766,25863.27,29826.74,11455.13,Medium
2025-04-30,SUP008,Theta Components,Singapore,0.93,P005,Battery Cells,Energy,727,1890,1915,6,6,0,0,61.99,2294.7,0.137,2.6,47361.43,53692.76,8459.08,Low
2025-04-30,SUP001,Alpha Components,India,0.96,P006,Sensors,Electronics,1042,2347,1825,4,13,1,9,69.18,4535.21,0.061,2.252,76620.77,81156.31,20619.66,High
2025-04-30,SUP003,Gamma Semiconductors,Taiwan,0.89,P007,Power Modules,Electronics,550,888,1323,11,11,0,0,95.66,2853.88,0.151,1.615,55466.88,63626.91,12493.26,Medium
2025-04-30,SUP004,Delta Manufacturing,China,0.94,P008,Circuit Boards,Electronics,905,1337,1869,9,9,0,0,82.19,1054.5,0.179,1.477,75436.45,88845.2,5077.76,Low
2025-05-07,SUP003,Gamma Semiconductors,Taiwan,0.89,P001,Microchips,Electronics,1621,3328,2079,15,15,0,0,92.28,4071.85,0.147,2.053,153657.73,175946.14,11535.51,Medium
2025-05-07,SUP008,Theta Components,Singapore,0.93,P002,Processors,Electronics,1133,871,1251,6,6,0,0,111.94,4330.28,0.151,0.769,131158.3,150636.27,18643.62,Medium
2025-05-07,SUP004,Delta Manufacturing,China,0.94,P003,Memory Modules,Electronics,1238,951,1441,7,7,0,0,84.02,1303.01,0.097,0.768,105319.77,115472.59,4686.34,Medium
2025-05-07,SUP006,Zeta Industrial,South Korea,0.97,P004,Display Panels,Electronics,922,814,1749,6,6,0,0,148.27,1113.98,0.154,0.883,137818.92,158957.26,4600.33,Medium
2025-05-07,SUP005,Epsilon Tech,Malaysia,0.91,P005,Battery Cells,Energy,566,693,1458,6,6,0,0,55.89,4574.86,0.166,1.224,36208.6,41839.51,12257.06,Medium
2025-05-07,SUP002,Beta Electronics,Vietnam,0.92,P006,Sensors,Electronics,772,617,1847,12,15,1,3,126.12,3513.21,0.06,0.799,100877.85,106825.12,12807.48,High
2025-05-07,SUP001,Alpha Components,India,0.96,P007,Power Modules,Electronics,699,981,2061,3,3,0,0,103.07,4973.63,0.149,1.403,77019.56,88124.94,17075.72,Low
2025-05-07,SUP007,Eta Systems,India,0.95,P008,Circuit Boards,Electronics,915,1057,2487,6,6,0,0,105.98,1404.2,0.13,1.155,98375.9,111073.49,4386.5,Low
2025-05-14,SUP006,Zeta Industrial,South Korea,0.97,P001,Microchips,Electronics,1341,912,1477,11,11,0,0,139.63,2929.81,0.176,0.68,190173.64,223386.38,11532.14,High
2025-05-14,SUP002,Beta Electronics,Vietnam,0.92,P002,Processors,Electronics,1005,629,1999,11,26,1,15,13.13,1864.08,0.089,0.626,15059.73,16317.09,6103.64,High
2025-05-14,SUP003,Gamma Semiconductors,Taiwan,0.89,P003,Memory Modules,Electronics,1248,1035,1982,13,13,0,0,30.97,4038.24,0.136,0.829,42688.8,48219.88,14739.99,Medium
2025-05-14,SUP005,Epsilon Tech,Malaysia,0.91,P004,Display Panels,Electronics,411,352,2262,6,6,0,0,83.61,3746.4,0.071,0.856,38110.11,40682.93,9565.28,Medium
2025-05-14,SUP007,Eta Systems,India,0.95,P005,Battery Cells,Energy,798,610,1777,7,7,0,0,99.02,4201.16,0.07,0.764,83219.12,88897.42,18156.13,Medium
2025-05-14,SUP001,Alpha Components,India,0.96,P006,Sensors,Electronics,809,1057,1835,4,4,0,0,125.18,3498.38,0.068,1.307,104769.0,111774.35,11735.55,Low
2025-05-14,SUP004,Delta Manufacturing,China,0.94,P007,Power Modules,Electronics,578,1555,2396,9,9,0,0,23.0,3383.72,0.082,2.69,16677.72,17906.56,12264.05,Low
2025-05-14,SUP008,Theta Components,Singapore,0.93,P008,Circuit Boards,Electronics,1266,771,1452,3,3,0,0,76.81,3894.14,0.143,0.609,101135.6,115319.56,11871.72,High
2025-05-21,SUP006,Zeta Industrial,South Korea,0.97,P001,Microchips,Electronics,1062,2211,2203,9,9,0,0,123.58,3268.49,0.096,2.082,134510.45,147266.57,12678.93,Low
2025-05-21,SUP007,Eta Systems,India,0.95,P002,Processors,Electronics,780,1333,2286,6,6,0,0,82.62,2667.36,0.077,1.709,67110.96,72175.81,9186.87,Low
2025-05-21,SUP002,Beta Electronics,Vietnam,0.92,P003,Memory Modules,Electronics,982,466,1585,11,11,0,0,115.96,1116.99,0.13,0.475,114989.71,129865.77,3587.34,High
2025-05-21,SUP004,Delta Manufacturing,China,0.94,P004,Display Panels,Electronics,641,1540,1692,9,9,0,0,45.75,3407.41,0.125,2.402,32733.16,36611.84,9093.28,Low
2025-05-21,SUP008,Theta Components,Singapore,0.93,P005,Battery Cells,Energy,909,831,1645,9,9,0,0,95.2,4368.04,0.109,0.914,90904.84,100575.41,18977.38,Medium
2025-05-21,SUP005,Epsilon Tech,Malaysia,0.91,P006,Sensors,Electronics,891,2361,1016,5,5,0,0,44.16,4283.92,0.056,2.65,43630.48,45953.84,18490.2,Medium
2025-05-21,SUP003,Gamma Semiconductors,Taiwan,0.89,P007,Power Modules,Electronics,702,1802,1758,10,10,0,0,17.46,2832.84,0.073,2.567,15089.76,16087.91,11354.16,Medium
2025-05-21,SUP001,Alpha Components,India,0.96,P008,Circuit Boards,Electronics,900,316,1507,4,4,0,0,121.9,974.15,0.055,0.351,110684.15,116744.99,4365.76,High
2025-05-28,SUP002,Beta Electronics,Vietnam,0.92,P001,Microchips,Electronics,1190,893,1698,10,10,0,0,125.94,809.21,0.114,0.75,150677.81,167808.96,3725.69,Medium
2025-05-28,SUP001,Alpha Components,India,0.96,P002,Processors,Electronics,886,1239,1722,2,2,0,0,37.21,1046.24,0.142,1.398,34014.3,38770.05,5570.07,Low
2025-05-28,SUP005,Epsilon Tech,Malaysia,0.91,P003,Memory Modules,Electronics,1177,798,1195,8,21,1,13,147.16,3208.47,0.137,0.678,176415.79,200364.97,14145.83,High
2025-05-28,SUP008,Theta Components,Singapore,0.93,P004,Display Panels,Electronics,625,226,1622,3,3,0,0,60.85,2444.35,0.116,0.362,40475.6,45029.0,9504.74,High
2025-05-28,SUP003,Gamma Semiconductors,Taiwan,0.89,P005,Battery Cells,Energy,813,778,2195,14,14,0,0,123.86,4376.16,0.177,0.957,105074.34,123285.21,18648.98,Medium
2025-05-28,SUP004,Delta Manufacturing,China,0.94,P006,Sensors,Electronics,1096,2711,2221,13,13,0,0,33.64,742.36,0.098,2.474,37611.8,41261.38,4216.96,Low
2025-05-28,SUP006,Zeta Industrial,South Korea,0.97,P007,Power Modules,Electronics,847,499,1869,8,8,0,0,77.35,1178.04,0.101,0.589,66693.49,73370.04,5099.6,High
2025-05-28,SUP007,Eta Systems,India,0.95,P008,Circuit Boards,Electronics,1495,1291,1909,6,20,1,14,98.35,3925.05,0.074,0.864,150958.3,161983.99,12928.94,High
2025-06-04,SUP007,Eta Systems,India,0.95,P001,Microchips,Electronics,1631,2518,2404,6,6,0,0,95.47,1346.11,0.103,1.544,157057.68,173165.3,7942.08,Low
2025-06-04,SUP002,Beta Electronics,Vietnam,0.92,P002,Processors,Electronics,1147,1218,1433,6,17,1,11,144.05,2155.73,0.099,1.062,167381.08,183845.1,6323.42,High
2025-06-04,SUP006,Zeta Industrial,South Korea,0.97,P003,Memory Modules,Electronics,1010,467,2224,9,9,0,0,133.84,3168.7,0.109,0.462,138347.1,153254.24,10905.46,High
2025-06-04,SUP008,Theta Components,Singapore,0.93,P004,Display Panels,Electronics,804,1304,1301,2,2,0,0,65.13,4434.18,0.127,1.622,56798.7,63730.56,16609.61,Low
2025-06-04,SUP003,Gamma Semiconductors,Taiwan,0.89,P005,Battery Cells,Energy,1097,1198,2078,11,11,0,0,93.5,603.2,0.098,1.092,103172.7,113254.07,3349.37,Medium
2025-06-04,SUP005,Epsilon Tech,Malaysia,0.91,P006,Sensors,Electronics,808,1809,2099,7,7,0,0,70.51,1163.54,0.099,2.239,58135.62,63833.45,4221.75,Medium
2025-06-04,SUP004,Delta Manufacturing,China,0.94,P007,Power Modules,Electronics,615,1407,2336,14,14,0,0,99.24,2395.62,0.145,2.288,63428.22,72451.63,9553.38,Low
2025-06-04,SUP001,Alpha Components,India,0.96,P008,Circuit Boards,Electronics,877,759,1623,6,6,0,0,59.44,2005.3,0.054,0.865,54134.18,57003.28,5697.07,Medium
2025-06-11,SUP002,Beta Electronics,Vietnam,0.92,P001,Microchips,Electronics,1225,1168,1746,10,10,0,0,69.8,4718.09,0.156,0.953,90223.09,103929.88,16956.15,Medium
2025-06-11,SUP004,Delta Manufacturing,China,0.94,P002,Processors,Electronics,844,1996,2209,9,9,0,0,30.56,3246.01,0.07,2.365,29038.65,30957.75,13372.05,Low
2025-06-11,SUP008,Theta Components,Singapore,0.93,P003,Memory Modules,Electronics,1347,459,1971,7,16,1,9,43.07,4578.15,0.087,0.341,62593.44,67839.92,14110.1,High
2025-06-11,SUP007,Eta Systems,India,0.95,P004,Display Panels,Electronics,604,302,1781,4,16,1,12,87.8,2056.64,0.097,0.5,55087.84,60331.61,8194.09,High
2025-06-11,SUP003,Gamma Semiconductors,Taiwan,0.89,P005,Battery Cells,Energy,798,2143,1671,16,16,0,0,63.87,4225.41,0.168,2.685,55193.67,64111.27,15327.92,Medium
2025-06-11,SUP001,Alpha Components,India,0.96,P006,Sensors,Electronics,720,655,1581,6,6,0,0,73.88,4874.02,0.141,0.91,58067.62,65911.54,13704.86,Medium
2025-06-11,SUP006,Zeta Industrial,South Korea,0.97,P007,Power Modules,Electronics,677,523,1728,12,12,0,0,85.4,4912.33,0.084,0.773,62728.13,67790.98,14832.88,Medium
2025-06-11,SUP005,Epsilon Tech,Malaysia,0.91,P008,Circuit Boards,Electronics,1222,1397,1298,9,9,0,0,68.87,1134.32,0.15,1.143,85293.46,98002.4,4030.89,Medium
2025-06-18,SUP001,Alpha Components,India,0.96,P001,Microchips,Electronics,1093,782,2070,2,2,0,0,44.72,1241.18,0.1,0.715,50120.14,55070.1,6432.89,Medium
2025-06-18,SUP002,Beta Electronics,Vietnam,0.92,P002,Processors,Electronics,925,2349,1943,14,14,0,0,114.6,3010.91,0.133,2.539,109015.91,123314.8,7501.83,Medium
2025-06-18,SUP007,Eta Systems,India,0.95,P003,Memory Modules,Electronics,843,785,2320,5,5,0,0,64.43,920.34,0.116,0.931,55234.83,61588.69,3167.79,Medium
2025-06-18,SUP006,Zeta Industrial,South Korea,0.97,P004,Display Panels,Electronics,407,818,1607,10,10,0,0,99.26,1381.28,0.185,2.01,41780.1,49381.65,4891.03,Low
2025-06-18,SUP004,Delta Manufacturing,China,0.94,P005,Battery Cells,Energy,853,809,1585,8,8,0,0,31.98,2781.73,0.14,0.948,30060.67,34074.44,6548.33,Medium
2025-06-18,SUP005,Epsilon Tech,Malaysia,0.91,P006,Sensors,Electronics,959,1099,1989,12,12,0,0,79.74,4852.07,0.113,1.146,81322.73,90238.06,22113.46,Medium
2025-06-18,SUP003,Gamma Semiconductors,Taiwan,0.89,P007,Power Modules,Electronics,768,734,2185,16,16,0,0,26.44,3590.87,0.064,0.956,23896.79,25311.28,8432.68,Medium
2025-06-18,SUP008,Theta Components,Singapore,0.93,P008,Circuit Boards,Electronics,1821,2894,2365,2,2,0,0,84.79,3696.09,0.097,1.589,158098.68,173254.99,14897.81,Low
2025-06-25,SUP007,Eta Systems,India,0.95,P001,Microchips,Electronics,1275,934,2185,3,3,0,0,42.06,1138.87,0.102,0.733,54765.37,60293.36,5988.04,Medium
2025-06-25,SUP008,Theta Components,Singapore,0.93,P002,Processors,Electronics,828,1897,2299,5,5,0,0,147.03,3353.64,0.069,2.291,125094.48,133610.3,12710.71,Low
2025-06-25,SUP003,Gamma Semiconductors,Taiwan,0.89,P003,Memory Modules,Electronics,1047,1353,1155,13,23,1,10,18.32,846.85,0.101,1.292,20027.89,22007.94,4670.7,High
2025-06-25,SUP006,Zeta Industrial,South Korea,0.97,P004,Display Panels,Electronics,542,326,2314,10,10,0,0,141.24,4420.42,0.165,0.601,80972.5,93968.28,17404.03,High
2025-06-25,SUP002,Beta Electronics,Vietnam,0.92,P005,Battery Cells,Energy,609,1324,2338,12,12,0,0,63.35,2207.76,0.084,2.174,40787.91,44121.37,6722.69,Medium
2025-06-25,SUP005,Epsilon Tech,Malaysia,0.91,P006,Sensors,Electronics,1241,591,1736,13,13,0,0,26.1,3684.6,0.196,0.476,36074.7,42784.25,16479.75,High
2025-06-25,SUP001,Alpha Components,India,0.96,P007,Power Modules,Electronics,783,1779,1672,4,4,0,0,83.64,3357.9,0.117,2.272,68848.02,76706.8,8728.88,Low
2025-06-25,SUP004,Delta Manufacturing,China,0.94,P008,Circuit Boards,Electronics,1475,1052,2310,6,6,0,0,50.78,3192.61,0.095,0.713,78093.11,85360.31,11164.07,Medium
2025-07-02,SUP007,Eta Systems,India,0.95,P001,Microchips,Electronics,1436,2771,2486,7,7,0,0,12.92,3122.63,0.199,1.93,21675.75,25678.52,14592.78,Low
2025-07-02,SUP001,Alpha Components,India,0.96,P002,Processors,Electronics,874,1790,1803,2,2,0,0,82.58,646.91,0.18,2.048,72821.83,85871.54,3391.96,Low
2025-07-02,SUP002,Beta Electronics,Vietnam,0.92,P003,Memory Modules,Electronics,807,639,1542,14,14,0,0,31.41,1267.62,0.192,0.792,26615.49,31603.97,5398.13,Medium
2025-07-02,SUP005,Epsilon Tech,Malaysia,0.91,P004,Display Panels,Electronics,578,711,1131,7,7,0,0,77.25,3435.01,0.193,1.23,48085.51,57034.53,12357.5,Medium
2025-07-02,SUP006,Zeta Industrial,South Korea,0.97,P005,Battery Cells,Energy,983,942,2210,7,7,0,0,75.09,705.42,0.071,0.958,74518.89,79784.69,4153.93,Medium
2025-07-02,SUP008,Theta Components,Singapore,0.93,P006,Sensors,Electronics,792,1443,1852,9,9,0,0,37.39,2824.58,0.051,1.822,32437.46,34019.74,6188.45,Low
2025-07-02,SUP003,Gamma Semiconductors,Taiwan,0.89,P007,Power Modules,Electronics,542,241,1403,14,14,0,0,39.03,2285.59,0.057,0.445,23439.85,24710.78,6843.99,High
2025-07-02,SUP004,Delta Manufacturing,China,0.94,P008,Circuit Boards,Electronics,1616,3119,2068,12,12,0,0,12.21,3539.39,0.057,1.93,23270.75,24496.31,14067.44,Low
2025-07-09,SUP002,Beta Electronics,Vietnam,0.92,P001,Microchips,Electronics,908,1380,2491,12,12,0,0,110.44,4382.96,0.05,1.52,104662.48,109786.03,17475.44,Medium
2025-07-09,SUP008,Theta Components,Singapore,0.93,P002,Processors,Electronics,873,1885,2089,6,6,0,0,67.49,3880.3,0.061,2.159,62799.07,66511.46,9068.81,Low
2025-07-09,SUP007,Eta Systems,India,0.95,P003,Memory Modules,Electronics,904,788,1401,3,3,0,0,27.72,1020.82,0.073,0.872,26079.7,27946.26,4027.46,Medium
2025-07-09,SUP006,Zeta Industrial,South Korea,0.97,P004,Display Panels,Electronics,913,1140,1486,6,6,0,0,83.61,2519.84,0.063,1.249,78855.77,83744.31,9110.37,Low
2025-07-09,SUP003,Gamma Semiconductors,Taiwan,0.89,P005,Battery Cells,Energy,973,813,1048,10,17,1,7,106.33,2434.69,0.151,0.836,105893.78,121699.92,7411.63,High
2025-07-09,SUP004,Delta Manufacturing,China,0.94,P006,Sensors,Electronics,729,592,2411,8,8,0,0,138.16,2439.43,0.098,0.812,103158.07,113148.03,8934.41,Medium
2025-07-09,SUP001,Alpha Components,India,0.96,P007,Power Modules,Electronics,812,1790,1617,3,3,0,0,69.14,1141.67,0.184,2.204,57283.35,67718.45,4002.84,Low
2025-07-09,SUP005,Epsilon Tech,Malaysia,0.91,P008,Circuit Boards,Electronics,1713,1235,2031,14,14,0,0,104.15,3226.01,0.105,0.721,181634.96,200537.27,11745.59,Medium
2025-07-16,SUP003,Gamma Semiconductors,Taiwan,0.89,P001,Microchips,Electronics,1175,3157,2442,13,21,1,8,139.44,2363.68,0.109,2.687,166205.68,184193.28,7465.59,High
2025-07-16,SUP006,Zeta Industrial,South Korea,0.97,P002,Processors,Electronics,794,500,1641,10,10,0,0,52.58,4497.82,0.14,0.63,46246.34,52405.98,18986.15,High
2025-07-16,SUP002,Beta Electronics,Vietnam,0.92,P003,Memory Modules,Electronics,876,1473,1258,11,11,0,0,29.89,2991.7,0.131,1.682,29175.34,32801.35,12826.99,Medium
2025-07-16,SUP005,Epsilon Tech,Malaysia,0.91,P004,Display Panels,Electronics,753,986,2439,8,8,0,0,46.38,4848.88,0.134,1.309,39773.02,44777.73,14177.99,Medium
2025-07-16,SUP008,Theta Components,Singapore,0.93,P005,Battery Cells,Energy,679,636,1582,5,5,0,0,149.13,4461.42,0.144,0.937,105720.69,120623.25,15438.25,Medium
2025-07-16,SUP004,Delta Manufacturing,China,0.94,P006,Sensors,Electronics,864,615,2198,6,6,0,0,136.79,1095.68,0.139,0.712,119282.24,135786.32,4869.78,Medium
2025-07-16,SUP007,Eta Systems,India,0.95,P007,Power Modules,Electronics,546,325,2363,5,15,1,10,47.16,4446.91,0.192,0.595,30196.27,35567.05,10517.41,High
2025-07-16,SUP001,Alpha Components,India,0.96,P008,Circuit Boards,Electronics,1419,2641,2247,3,3,0,0,82.19,3032.2,0.116,1.861,119659.81,133364.48,13240.74,Low
2025-07-23,SUP005,Epsilon Tech,Malaysia,0.91,P001,Microchips,Electronics,881,2060,1603,7,7,0,0,75.66,4982.55,0.059,2.338,71639.01,75718.73,10733.49,Medium
2025-07-23,SUP004,Delta Manufacturing,China,0.94,P002,Processors,Electronics,696,473,1642,12,20,1,8,105.66,3752.18,0.154,0.68,77291.54,88905.52,8973.11,High
2025-07-23,SUP007,Eta Systems,India,0.95,P003,Memory Modules,Electronics,1003,915,1393,7,7,0,0,9.26,4990.19,0.152,0.912,14277.97,16068.97,20350.72,Medium
2025-07-23,SUP006,Zeta Industrial,South Korea,0.97,P004,Display Panels,Electronics,464,520,1124,10,10,0,0,117.19,3463.43,0.165,1.121,57839.59,67097.39,14156.74,Low
2025-07-23,SUP008,Theta Components,Singapore,0.93,P005,Battery Cells,Energy,503,750,2388,5,5,0,0,17.37,2069.69,0.067,1.491,10806.8,11461.52,8958.18,Low
2025-07-23,SUP001,Alpha Components,India,0.96,P006,Sensors,Electronics,989,1893,1544,3,3,0,0,79.09,4075.32,0.156,1.914,82295.33,94815.53,8923.97,Low
2025-07-23,SUP002,Beta Electronics,Vietnam,0.92,P007,Power Modules,Electronics,512,393,1383,12,12,0,0,49.54,1185.48,0.09,0.768,26549.96,28886.11,3156.48,Medium
2025-07-23,SUP003,Gamma Semiconductors,Taiwan,0.89,P008,Circuit Boards,Electronics,1120,3039,1932,14,14,0,0,67.09,3918.25,0.078,2.713,79059.05,85072.84,16398.07,Medium
2025-07-30,SUP001,Alpha Components,India,0.96,P001,Microchips,Electronics,977,770,1911,7,7,0,0,25.03,4625.56,0.158,0.788,29079.87,33309.07,13992.06,Medium
2025-07-30,SUP003,Gamma Semiconductors,Taiwan,0.89,P002,Processors,Electronics,839,1899,1849,10,10,0,0,53.1,500.61,0.127,2.263,45051.51,50741.26,2143.95,Medium
2025-07-30,SUP007,Eta Systems,India,0.95,P003,Memory Modules,Electronics,1093,689,1408,2,2,0,0,141.54,872.22,0.19,0.63,155575.44,185051.91,4606.6,High
2025-07-30,SUP005,Epsilon Tech,Malaysia,0.91,P004,Display Panels,Electronics,536,1387,1427,6,6,0,0,137.21,2197.93,0.195,2.588,75742.49,90297.98,5515.64,Medium
2025-07-30,SUP006,Zeta Industrial,South Korea,0.97,P005,Battery Cells,Energy,617,1529,2028,12,21,1,9,44.1,4439.8,0.077,2.478,31649.5,33915.58,11695.5,High
2025-07-30,SUP004,Delta Manufacturing,China,0.94,P006,Sensors,Electronics,1151,1693,1630,9,9,0,0,99.47,716.84,0.104,1.471,115206.81,127151.04,4951.35,Low
2025-07-30,SUP008,Theta Components,Singapore,0.93,P007,Power Modules,Electronics,540,411,2478,7,7,0,0,8.41,4365.31,0.078,0.761,8906.71,9431.19,14518.24,Medium
2025-07-30,SUP002,Beta Electronics,Vietnam,0.92,P008,Circuit Boards,Electronics,1697,1616,2124,11,11,0,0,38.64,3550.16,0.141,0.952,69122.24,78618.19,10951.09,Medium
2025-08-06,SUP001,Alpha Components,India,0.96,P001,Microchips,Electronics,948,1278,2039,5,5,0,0,14.11,3500.9,0.173,1.348,16877.18,19494.1,14593.53,Low
2025-08-06,SUP005,Epsilon Tech,Malaysia,0.91,P002,Processors,Electronics,602,580,1557,5,11,1,6,142.74,641.4,0.16,0.963,86570.88,100370.91,3083.06,High
2025-08-06,SUP006,Zeta Industrial,South Korea,0.97,P003,Memory Modules,Electronics,1335,3586,1775,9,9,0,0,116.25,2547.14,0.09,2.686,157740.89,171822.95,7526.92,Low
2025-08-06,SUP008,Theta Components,Singapore,0.93,P004,Display Panels,Electronics,901,1091,1274,7,7,0,0,55.16,2038.12,0.161,1.211,51737.28,59902.91,6529.18,Low
2025-08-06,SUP003,Gamma Semiconductors,Taiwan,0.89,P005,Battery Cells,Energy,411,888,2551,14,14,0,0,128.28,606.18,0.185,2.161,53329.26,63139.1,3122.65,Medium
2025-08-06,SUP002,Beta Electronics,Vietnam,0.92,P006,Sensors,Electronics,1155,910,2268,8,8,0,0,141.11,3214.81,0.121,0.788,166196.86,186112.18,8566.02,Medium
2025-08-06,SUP004,Delta Manufacturing,China,0.94,P007,Power Modules,Electronics,503,1194,2327,9,9,0,0,144.71,840.22,0.105,2.374,73629.35,81316.32,2617.64,Low
2025-08-06,SUP007,Eta Systems,India,0.95,P008,Circuit Boards,Electronics,1161,1801,1225,4,4,0,0,123.18,3361.8,0.108,1.551,146373.78,162000.61,13103.96,Low
2025-08-13,SUP002,Beta Electronics,Vietnam,0.92,P001,Microchips,Electronics,1288,482,1885,10,10,0,0,40.7,700.54,0.112,0.374,53122.14,59032.59,4527.01,High
2025-08-13,SUP005,Epsilon Tech,Malaysia,0.91,P002,Processors,Electronics,1122,1272,2167,9,9,0,0,116.04,2960.87,0.077,1.134,133157.75,143296.9,10654.36,Medium
2025-08-13,SUP003,Gamma Semiconductors,Taiwan,0.89,P003,Memory Modules,Electronics,1317,3386,2333,13,13,0,0,147.33,4069.14,0.178,2.571,198102.75,233002.89,12902.3,Medium
2025-08-13,SUP008,Theta Components,Singapore,0.93,P004,Display Panels,Electronics,671,1839,1679,9,9,0,0,82.2,1486.03,0.119,2.741,56642.23,63294.24,6802.06,Low
2025-08-13,SUP006,Zeta Industrial,South Korea,0.97,P005,Battery Cells,Energy,553,1262,2383,10,10,0,0,144.34,2846.57,0.197,2.282,82666.59,98671.52,10984.7,Low
2025-08-13,SUP004,Delta Manufacturing,China,0.94,P006,Sensors,Electronics,707,1013,1677,6,6,0,0,118.95,4820.76,0.165,1.433,88918.41,103192.23,19918.51,Low
2025-08-13,SUP007,Eta Systems,India,0.95,P007,Power Modules,Electronics,920,1527,1273,5,5,0,0,98.08,1499.34,0.098,1.66,91732.94,100649.3,7676.25,Low
2025-08-13,SUP001,Alpha Components,India,0.96,P008,Circuit Boards,Electronics,1589,1298,2112,5,5,0,0,24.83,1799.98,0.11,0.817,41254.85,45693.88,11168.72,Medium
2025-08-20,SUP004,Delta Manufacturing,China,0.94,P001,Microchips,Electronics,1474,4034,2091,9,9,0,0,67.02,4312.72,0.185,2.737,103100.2,121774.81,20472.33,Low
2025-08-20,SUP002,Beta Electronics,Vietnam,0.92,P002,Processors,Electronics,815,580,1514,6,6,0,0,131.08,1771.15,0.193,0.712,108601.35,129390.49,7009.17,Medium
2025-08-20,SUP006,Zeta Industrial,South Korea,0.97,P003,Memory Modules,Electronics,898,1342,1687,9,9,0,0,136.33,4306.32,0.11,1.494,126730.66,140434.18,17645.03,Low
2025-08-20,SUP003,Gamma Semiconductors,Taiwan,0.89,P004,Display Panels,Electronics,483,656,2422,10,10,0,0,92.32,647.64,0.145,1.358,45238.2,51750.79,2428.98,Medium
2025-08-20,SUP007,Eta Systems,India,0.95,P005,Battery Cells,Energy,820,513,1906,6,6,0,0,117.89,2086.71,0.174,0.626,98756.51,115758.6,7728.41,High
2025-08-20,SUP005,Epsilon Tech,Malaysia,0.91,P006,Sensors,Electronics,880,854,2271,8,8,0,0,8.0,2374.55,0.128,0.97,9414.55,10467.64,6750.01,Medium
2025-08-20,SUP001,Alpha Components,India,0.96,P007,Power Modules,Electronics,890,701,2114,4,4,0,0,15.37,1360.03,0.097,0.788,15039.33,16432.18,6581.7,Medium
2025-08-20,SUP008,Theta Components,Singapore,0.93,P008,Circuit Boards,Electronics,1105,1594,1801,4,4,0,0,60.67,4558.73,0.171,1.443,71599.08,83452.75,21336.17,Low
2025-08-27,SUP002,Beta Electronics,Vietnam,0.92,P001,Microchips,Electronics,1598,2066,2435,14,14,0,0,97.24,2668.4,0.104,1.293,158057.92,174357.19,13995.29,Medium
2025-08-27,SUP007,Eta Systems,India,0.95,P002,Processors,Electronics,1184,2802,2116,2,2,0,0,146.08,2519.66,0.074,2.367,175478.38,188370.55,6983.53,Low
2025-08-27,SUP003,Gamma Semiconductors,Taiwan,0.89,P003,Memory Modules,Electronics,997,365,2024,14,14,0,0,46.92,4131.82,0.079,0.366,50911.06,54769.83,12360.72,High
2025-08-27,SUP004,Delta Manufacturing,China,0.94,P004,Display Panels,Electronics,707,1575,1444,12,12,0,0,52.3,2671.25,0.126,2.228,39647.35,44474.63,8959.25,Low
2025-08-27,SUP001,Alpha Components,India,0.96,P005,Battery Cells,Energy,768,935,2350,7,7,0,0,145.78,2469.48,0.085,1.217,114428.52,124049.99,10331.99,Low
2025-08-27,SUP008,Theta Components,Singapore,0.93,P006,Sensors,Electronics,867,685,1438,9,9,0,0,33.45,4100.02,0.133,0.79,33101.17,37230.97,12320.44,Medium
2025-08-27,SUP006,Zeta Industrial,South Korea,0.97,P007,Power Modules,Electronics,957,756,2212,12,12,0,0,123.93,2756.82,0.061,0.79,121357.83,128676.57,9331.91,Medium
2025-08-27,SUP005,Epsilon Tech,Malaysia,0.91,P008,Circuit Boards,Electronics,1814,2600,2308,11,14,1,3,10.81,2258.07,0.079,1.433,21867.41,23505.74,10653.56,High
2025-09-03,SUP006,Zeta Industrial,South Korea,0.97,P001,Microchips,Electronics,1117,1004,1149,10,19,1,9,142.11,3387.8,0.151,0.899,162124.67,186349.72,12689.36,High
2025-09-03,SUP007,Eta Systems,India,0.95,P002,Processors,Electronics,952,1121,1327,6,6,0,0,141.66,4616.29,0.052,1.178,139476.61,146609.37,15643.51,Low
2025-09-03,SUP003,Gamma Semiconductors,Taiwan,0.89,P003,Memory Modules,Electronics,1121,3041,1538,10,10,0,0,108.05,2402.28,0.102,2.713,123526.33,136003.5,8181.91,Medium
2025-09-03,SUP002,Beta Electronics,Vietnam,0.92,P004,Display Panels,Electronics,497,975,1407,11,11,0,0,93.72,846.41,0.061,1.962,47425.25,50292.37,4174.87,Medium
2025-09-03,SUP008,Theta Components,Singapore,0.93,P005,Battery Cells,Energy,547,398,2231,3,3,0,0,10.15,4842.57,0.088,0.728,10394.62,11096.27,17700.31,Medium
2025-09-03,SUP004,Delta Manufacturing,China,0.94,P006,Sensors,Electronics,1259,1809,1944,7,7,0,0,142.44,976.58,0.073,1.437,180308.54,193435.42,6622.06,Low
2025-09-03,SUP001,Alpha Components,India,0.96,P007,Power Modules,Electronics,547,1145,2390,7,7,0,0,65.96,569.28,0.137,2.093,36649.4,41631.37,2286.94,Low
2025-09-03,SUP005,Epsilon Tech,Malaysia,0.91,P008,Circuit Boards,Electronics,845,1162,1617,9,13,1,4,113.48,1971.7,0.184,1.375,97862.3,115687.57,5816.09,High
2025-09-10,SUP002,Beta Electronics,Vietnam,0.92,P001,Microchips,Electronics,1047,2215,2059,7,7,0,0,20.98,1396.72,0.182,2.116,23362.78,27487.7,6058.98,Medium
2025-09-10,SUP006,Zeta Industrial,South Korea,0.97,P002,Processors,Electronics,1124,875,1836,13,13,0,0,58.39,2411.47,0.082,0.778,68041.83,73522.39,9923.19,Medium
2025-09-10,SUP001,Alpha Components,India,0.96,P003,Memory Modules,Electronics,1103,2657,2002,4,4,0,0,48.23,4040.46,0.11,2.409,57238.15,63312.12,13775.55,Low
2025-09-10,SUP003,Gamma Semiconductors,Taiwan,0.89,P004,Display Panels,Electronics,893,679,1489,12,12,0,0,46.18,2158.02,0.184,0.76,43396.76,51183.23,9283.92,Medium
2025-09-10,SUP005,Epsilon Tech,Malaysia,0.91,P005,Battery Cells,Energy,844,2075,1362,11,11,0,0,100.2,4713.26,0.06,2.459,89282.06,94497.59,19027.38,Medium
2025-09-10,SUP004,Delta Manufacturing,China,0.94,P006,Sensors,Electronics,838,730,2408,12,20,1,8,12.02,1445.13,0.092,0.871,11517.89,12511.06,5926.45,High
2025-09-10,SUP008,Theta Components,Singapore,0.93,P007,Power Modules,Electronics,620,741,2508,6,6,0,0,34.36,3488.99,0.182,1.195,24792.19,28986.87,14354.5,Low
2025-09-10,SUP007,Eta Systems,India,0.95,P008,Circuit Boards,Electronics,1602,1265,2465,5,5,0,0,86.58,1646.97,0.161,0.79,140348.13,162811.6,6966.41,Medium
2025-09-17,SUP001,Alpha Components,India,0.96,P001,Microchips,Electronics,976,749,1861,2,2,0,0,63.77,2990.17,0.125,0.767,65229.69,73196.52,9006.85,Medium
2025-09-17,SUP003,Gamma Semiconductors,Taiwan,0.89,P002,Processors,Electronics,975,2440,1086,12,12,0,0,9.88,1831.74,0.119,2.503,11464.74,12720.06,7135.19,Medium
2025-09-17,SUP002,Beta Electronics,Vietnam,0.92,P003,Memory Modules,Electronics,1171,2051,1694,12,16,1,4,83.53,4052.44,0.095,1.751,101866.07,111350.86,14337.07,High
2025-09-17,SUP004,Delta Manufacturing,China,0.94,P004,Display Panels,Electronics,634,902,1615,8,8,0,0,81.73,3234.89,0.087,1.423,55051.71,59700.49,7276.89,Low
2025-09-17,SUP008,Theta Components,Singapore,0.93,P005,Battery Cells,Energy,546,534,1217,9,9,0,0,66.89,3892.39,0.181,0.978,40414.33,47377.06,14232.46,Medium
2025-09-17,SUP006,Zeta Industrial,South Korea,0.97,P006,Sensors,Electronics,1148,986,2045,6,6,0,0,83.62,1019.28,0.141,0.859,97015.04,110622.3,3850.09,Medium
2025-09-17,SUP007,Eta Systems,India,0.95,P007,Power Modules,Electronics,627,853,2055,6,6,0,0,104.4,3978.44,0.193,1.36,69437.24,82454.71,15777.27,Low
2025-09-17,SUP005,Epsilon Tech,Malaysia,0.91,P008,Circuit Boards,Electronics,970,1922,1250,8,8,0,0,109.48,4467.04,0.16,1.981,110662.64,128011.3,17581.18,Medium
2025-09-24,SUP008,Theta Components,Singapore,0.93,P001,Microchips,Electronics,1544,3761,2161,2,2,0,0,74.22,840.65,0.108,2.436,115436.33,127858.06,6766.86,Low
2025-09-24,SUP002,Beta Electronics,Vietnam,0.92,P002,Processors,Electronics,1109,715,1393,14,14,0,0,128.41,2955.13,0.197,0.645,145361.82,173707.02,10477.16,High
2025-09-24,SUP004,Delta Manufacturing,China,0.94,P003,Memory Modules,Electronics,1134,2243,1731,8,8,0,0,57.77,2176.4,0.06,1.978,67687.58,71683.54,7771.61,Low
2025-09-24,SUP003,Gamma Semiconductors,Taiwan,0.89,P004,Display Panels,Electronics,521,529,2502,12,12,0,0,127.61,2179.59,0.145,1.015,68664.4,78462.72,5024.18,Medium
2025-09-24,SUP007,Eta Systems,India,0.95,P005,Battery Cells,Energy,447,384,2359,6,6,0,0,104.2,3913.26,0.052,0.859,50490.66,53014.43,9915.48,Medium
2025-09-24,SUP006,Zeta Industrial,South Korea,0.97,P006,Sensors,Electronics,1270,2041,1752,11,11,0,0,136.97,3914.22,0.14,1.607,177866.12,202493.38,16154.39,Low
2025-09-24,SUP001,Alpha Components,India,0.96,P007,Power Modules,Electronics,744,1144,1969,6,6,0,0,46.47,1410.14,0.097,1.538,35983.82,39405.86,4339.41,Low
2025-09-24,SUP005,Epsilon Tech,Malaysia,0.91,P008,Circuit Boards,Electronics,1533,3534,2148,4,4,0,0,26.98,2497.37,0.118,2.305,43857.71,48885.57,12764.49,Medium
2025-10-01,SUP007,Eta Systems,India,0.95,P001,Microchips,Electronics,860,2103,2352,6,6,0,0,39.06,3178.86,0.09,2.445,36770.46,39936.75,12683.56,Low
2025-10-01,SUP004,Delta Manufacturing,China,0.94,P002,Processors,Electronics,937,680,2086,10,10,0,0,29.39,1477.54,0.12,0.726,29015.97,32409.23,5116.38,Medium
2025-10-01,SUP005,Epsilon Tech,Malaysia,0.91,P003,Memory Modules,Electronics,1390,788,2117,9,9,0,0,36.55,2813.9,0.16,0.567,53618.4,61972.23,10792.54,High
2025-10-01,SUP002,Beta Electronics,Vietnam,0.92,P004,Display Panels,Electronics,657,570,2487,11,11,0,0,149.84,1969.88,0.162,0.868,100414.76,116522.39,8862.05,Medium
2025-10-01,SUP003,Gamma Semiconductors,Taiwan,0.89,P005,Battery Cells,Energy,764,544,1858,14,14,0,0,144.48,4512.7,0.177,0.712,114895.42,134832.54,13299.86,Medium
2025-10-01,SUP001,Alpha Components,India,0.96,P006,Sensors,Electronics,1207,850,1803,7,7,0,0,108.27,1890.3,0.07,0.704,132572.19,141786.08,6940.37,Medium
2025-10-01,SUP008,Theta Components,Singapore,0.93,P007,Power Modules,Electronics,502,410,2331,4,4,0,0,148.68,3905.29,0.116,0.817,78542.65,87427.09,14454.83,Medium
2025-10-01,SUP006,Zeta Industrial,South Korea,0.97,P008,Circuit Boards,Electronics,1010,2652,1954,12,12,0,0,97.9,2611.78,0.116,2.626,101490.78,113112.23,10113.14,Low
2025-10-08,SUP005,Epsilon Tech,Malaysia,0.91,P001,Microchips,Electronics,988,939,1913,11,11,0,0,31.76,2751.62,0.154,0.95,34130.5,39174.72,11506.01,Medium
2025-10-08,SUP007,Eta Systems,India,0.95,P002,Processors,Electronics,1007,891,2117,5,5,0,0,36.99,690.54,0.137,0.885,37939.47,43089.88,4433.66,Medium
2025-10-08,SUP003,Gamma Semiconductors,Taiwan,0.89,P003,Memory Modules,Electronics,1233,1287,2560,12,12,0,0,127.02,4112.65,0.194,1.044,160728.31,191510.68,14829.11,Medium
2025-10-08,SUP008,Theta Components,Singapore,0.93,P004,Display Panels,Electronics,493,427,1112,7,7,0,0,19.16,3832.54,0.064,0.866,13278.42,14005.6,13375.6,Medium
2025-10-08,SUP001,Alpha Components,India,0.96,P005,Battery Cells,Energy,428,413,1795,5,5,0,0,133.37,3465.7,0.082,0.965,60548.06,65370.91,14413.26,Medium
2025-10-08,SUP006,Zeta Industrial,South Korea,0.97,P006,Sensors,Electronics,854,2176,2304,6,6,0,0,12.26,4538.15,0.143,2.548,15008.19,16829.88,20220.0,Low
2025-10-08,SUP004,Delta Manufacturing,China,0.94,P007,Power Modules,Electronics,594,264,2084,12,12,0,0,64.23,3511.89,0.184,0.444,41664.51,49007.69,9986.69,High
2025-10-08,SUP002,Beta Electronics,Vietnam,0.92,P008,Circuit Boards,Electronics,1163,972,1769,11,11,0,0,18.62,2473.06,0.129,0.836,24128.12,27081.14,11752.25,Medium
2025-10-15,SUP006,Zeta Industrial,South Korea,0.97,P001,Microchips,Electronics,1339,1055,2311,9,9,0,0,122.88,1161.15,0.101,0.788,165697.47,182374.28,6149.83,Medium
2025-10-15,SUP001,Alpha Components,India,0.96,P002,Processors,Electronics,1020,1560,2289,5,5,0,0,30.15,2653.23,0.167,1.529,33406.23,38763.53,8206.1,Low
2025-10-15,SUP007,Eta Systems,India,0.95,P003,Memory Modules,Electronics,911,446,2566,3,3,0,0,16.09,2383.73,0.119,0.49,17041.72,18927.85,10134.2,High
2025-10-15,SUP002,Beta Electronics,Vietnam,0.92,P004,Display Panels,Electronics,770,1932,2171,12,12,0,0,148.5,4502.84,0.106,2.509,118847.84,131207.06,11549.49,Medium
2025-10-15,SUP005,Epsilon Tech,Malaysia,0.91,P005,Battery Cells,Energy,600,1321,1446,10,14,1,4,25.5,3643.39,0.112,2.202,18943.39,20861.02,12464.25,High
2025-10-15,SUP003,Gamma Semiconductors,Taiwan,0.89,P006,Sensors,Electronics,928,1869,2413,11,11,0,0,65.19,4866.06,0.19,2.014,65362.38,77318.96,18736.69,Medium
2025-10-15,SUP004,Delta Manufacturing,China,0.94,P007,Power Modules,Electronics,690,539,1319,8,8,0,0,125.25,1785.68,0.189,0.781,88208.18,104710.78,8652.23,Medium
2025-10-15,SUP008,Theta Components,Singapore,0.93,P008,Circuit Boards,Electronics,984,916,1105,4,4,0,0,55.92,3782.59,0.136,0.931,58807.87,66548.52,12316.97,Medium
2025-10-22,SUP004,Delta Manufacturing,China,0.94,P001,Microchips,Electronics,1205,774,1587,7,13,1,6,114.54,1184.22,0.119,0.642,139204.92,155699.84,4504.31,High
2025-10-22,SUP008,Theta Components,Singapore,0.93,P002,Processors,Electronics,607,650,2451,7,7,0,0,139.28,4036.16,0.138,1.071,88579.12,100524.54,8637.8,Low
2025-10-22,SUP003,Gamma Semiconductors,Taiwan,0.89,P003,Memory Modules,Electronics,1071,1877,1886,10,10,0,0,140.79,2191.12,0.156,1.753,152977.21,176670.75,8599.93,Medium
2025-10-22,SUP002,Beta Electronics,Vietnam,0.92,P004,Display Panels,Electronics,866,1576,1827,10,16,1,6,47.54,4338.42,0.189,1.82,45508.06,53699.1,20083.88,High
2025-10-22,SUP005,Epsilon Tech,Malaysia,0.91,P005,Battery Cells,Energy,497,415,2288,12,12,0,0,47.91,1280.73,0.107,0.835,25092.0,27708.32,5558.07,Medium
2025-10-22,SUP006,Zeta Industrial,South Korea,0.97,P006,Sensors,Electronics,838,508,1714,13,13,0,0,129.62,4257.8,0.189,0.606,112879.36,133811.2,12640.71,High
2025-10-22,SUP001,Alpha Components,India,0.96,P007,Power Modules,Electronics,691,1628,1998,4,4,0,0,49.54,1994.93,0.094,2.356,36227.07,39538.65,5140.91,Low
2025-10-22,SUP007,Eta Systems,India,0.95,P008,Circuit Boards,Electronics,1072,1668,2229,3,3,0,0,93.15,2778.49,0.103,1.556,102635.29,113063.63,12707.4,Low
2025-10-29,SUP007,Eta Systems,India,0.95,P001,Microchips,Electronics,1293,1033,1282,4,4,0,0,20.64,4962.63,0.131,0.799,31650.15,35471.27,23776.74,Medium
2025-10-29,SUP006,Zeta Industrial,South Korea,0.97,P002,Processors,Electronics,919,687,1999,12,12,0,0,92.52,1177.13,0.195,0.748,86203.01,102897.83,4991.2,Medium
2025-10-29,SUP003,Gamma Semiconductors,Taiwan,0.89,P003,Memory Modules,Electronics,1049,2264,1919,11,11,0,0,46.77,1297.37,0.094,2.158,50359.1,55031.88,5223.21,Medium
2025-10-29,SUP008,Theta Components,Singapore,0.93,P004,Display Panels,Electronics,512,1287,1370,5,5,0,0,65.14,4480.64,0.184,2.514,37832.32,44381.25,18595.06,Low
2025-10-29,SUP001,Alpha Components,India,0.96,P005,Battery Cells,Energy,582,440,1867,7,7,0,0,93.74,4384.11,0.173,0.756,58940.79,68758.32,10721.41,Medium
2025-10-29,SUP002,Beta Electronics,Vietnam,0.92,P006,Sensors,Electronics,993,1231,2366,14,14,0,0,24.55,2960.13,0.185,1.24,27338.28,32122.05,9856.62,Medium
2025-10-29,SUP004,Delta Manufacturing,China,0.94,P007,Power Modules,Electronics,951,2317,1290,11,11,0,0,107.36,2348.86,0.134,2.436,104448.22,118286.91,10610.99,Low
2025-10-29,SUP005,Epsilon Tech,Malaysia,0.91,P008,Circuit Boards,Electronics,1002,1175,1572,8,8,0,0,24.86,4912.56,0.082,1.173,29822.28,32066.29,11531.36,Medium
2025-11-05,SUP008,Theta Components,Singapore,0.93,P001,Microchips,Electronics,1516,3005,2306,6,6,0,0,147.67,1668.52,0.195,1.982,225536.24,269353.13,7036.45,Low
2025-11-05,SUP002,Beta Electronics,Vietnam,0.92,P002,Processors,Electronics,796,459,1742,12,12,0,0,148.5,3084.97,0.071,0.577,121290.97,129793.11,12520.4,High
2025-11-05,SUP005,Epsilon Tech,Malaysia,0.91,P003,Memory Modules,Electronics,1134,739,2266,11,14,1,3,54.6,1440.77,0.063,0.652,63357.17,67303.29,6161.25,High
2025-11-05,SUP007,Eta Systems,India,0.95,P004,Display Panels,Electronics,562,416,1565,7,7,0,0,118.97,1740.91,0.081,0.74,68602.05,74088.31,4338.21,Medium
2025-11-05,SUP006,Zeta Industrial,South Korea,0.97,P005,Battery Cells,Energy,969,1024,1506,10,10,0,0,43.47,3443.72,0.143,1.057,45566.15,51835.88,11261.56,Low
2025-11-05,SUP003,Gamma Semiconductors,Taiwan,0.89,P006,Sensors,Electronics,1161,893,1073,16,16,0,0,141.26,3478.0,0.062,0.769,167480.86,177756.86,11340.85,Medium
2025-11-05,SUP004,Delta Manufacturing,China,0.94,P007,Power Modules,Electronics,915,2219,1321,6,6,0,0,144.64,2498.52,0.163,2.425,134844.12,156620.08,9338.52,Low
2025-11-05,SUP001,Alpha Components,India,0.96,P008,Circuit Boards,Electronics,1679,1264,2041,4,10,1,6,67.52,1256.92,0.182,0.753,114623.0,135370.01,6204.56,High
2025-11-12,SUP004,Delta Manufacturing,China,0.94,P001,Microchips,Electronics,1575,4101,2057,14,14,0,0,20.98,1916.72,0.056,2.604,34960.22,36864.32,9558.44,Low
2025-11-12,SUP002,Beta Electronics,Vietnam,0.92,P002,Processors,Electronics,1159,2494,1370,11,11,0,0,41.67,984.26,0.165,2.152,49279.79,57329.75,4867.02,Medium
2025-11-12,SUP005,Epsilon Tech,Malaysia,0.91,P003,Memory Modules,Electronics,1223,1176,1730,9,9,0,0,13.58,1723.99,0.051,0.962,18332.33,19223.32,10145.86,Medium
2025-11-12,SUP006,Zeta Industrial,South Korea,0.97,P004,Display Panels,Electronics,851,1366,1948,11,11,0,0,70.56,1095.82,0.107,1.605,61142.38,67625.99,5032.38,Low
2025-11-12,SUP001,Alpha Components,India,0.96,P005,Battery Cells,Energy,914,1969,1892,2,2,0,0,51.24,1391.43,0.06,2.154,48224.79,51076.53,6956.66,Low
2025-11-12,SUP003,Gamma Semiconductors,Taiwan,0.89,P006,Sensors,Electronics,955,1173,1029,16,16,0,0,135.51,878.57,0.109,1.228,130290.62,144444.42,2771.57,Medium
2025-11-12,SUP007,Eta Systems,India,0.95,P007,Power Modules,Electronics,833,1071,2578,4,4,0,0,125.88,4767.13,0.096,1.286,109625.17,119920.36,12789.91,Low
2025-11-12,SUP008,Theta Components,Singapore,0.93,P008,Circuit Boards,Electronics,1057,701,1943,4,7,1,3,9.38,4360.8,0.16,0.663,14275.46,16210.67,20054.36,High
2025-11-19,SUP008,Theta Components,Singapore,0.93,P001,Microchips,Electronics,1557,807,2098,8,8,0,0,136.4,2186.25,0.132,0.518,214561.05,242738.82,6752.81,High
2025-11-19,SUP006,Zeta Industrial,South Korea,0.97,P002,Processors,Electronics,1104,874,1116,9,9,0,0,140.12,929.12,0.118,0.792,155621.6,173930.13,4970.76,Medium
2025-11-19,SUP001,Alpha Components,India,0.96,P003,Memory Modules,Electronics,1199,1307,2281,5,5,0,0,111.31,2679.76,0.154,1.09,136140.45,156899.74,9966.54,Low
2025-11-19,SUP005,Epsilon Tech,Malaysia,0.91,P004,Display Panels,Electronics,420,405,1063,7,7,0,0,57.21,2334.72,0.069,0.964,26362.92,28101.41,6103.55,Medium
2025-11-19,SUP004,Delta Manufacturing,China,0.94,P005,Battery Cells,Energy,429,400,1244,11,11,0,0,133.82,4530.6,0.095,0.932,61939.38,67608.42,11349.58,Medium
2025-11-19,SUP002,Beta Electronics,Vietnam,0.92,P006,Sensors,Electronics,1281,3133,2339,14,14,0,0,22.99,703.83,0.148,2.446,30154.02,34564.73,3609.48,Medium
2025-11-19,SUP007,Eta Systems,India,0.95,P007,Power Modules,Electronics,823,866,2188,2,2,0,0,148.36,4897.76,0.169,1.052,126998.04,148046.85,18103.54,Low
2025-11-19,SUP003,Gamma Semiconductors,Taiwan,0.89,P008,Circuit Boards,Electronics,1214,2846,2476,12,12,0,0,68.7,1986.28,0.135,2.344,85388.08,96781.4,9211.04,Medium
2025-11-26,SUP002,Beta Electronics,Vietnam,0.92,P001,Microchips,Electronics,803,672,1505,6,6,0,0,118.89,4061.59,0.14,0.837,99530.26,113180.19,13174.7,Medium
2025-11-26,SUP008,Theta Components,Singapore,0.93,P002,Processors,Electronics,845,2097,1917,5,5,0,0,134.32,4747.68,0.165,2.482,118248.08,137367.33,9454.12,Low
2025-11-26,SUP004,Delta Manufacturing,China,0.94,P003,Memory Modules,Electronics,1395,1257,2414,13,13,0,0,101.88,3435.06,0.088,0.901,145557.66,158215.59,13384.62,Medium
2025-11-26,SUP006,Zeta Industrial,South Korea,0.97,P004,Display Panels,Electronics,584,700,1567,13,13,0,0,75.95,4679.87,0.1,1.199,49034.67,53704.14,14246.27,Low
2025-11-26,SUP001,Alpha Components,India,0.96,P005,Battery Cells,Energy,904,1668,2237,3,3,0,0,85.84,1285.91,0.094,1.845,78885.27,86240.05,6576.27,Low
2025-11-26,SUP003,Gamma Semiconductors,Taiwan,0.89,P006,Sensors,Electronics,984,1977,1526,14,21,1,7,17.85,904.45,0.14,2.009,18468.85,20991.18,4706.01,High
2025-11-26,SUP007,Eta Systems,India,0.95,P007,Power Modules,Electronics,831,754,2373,5,5,0,0,119.44,4974.87,0.141,0.907,104229.51,118575.14,14505.82,Medium
2025-11-26,SUP005,Epsilon Tech,Malaysia,0.91,P008,Circuit Boards,Electronics,947,663,1293,14,21,1,7,101.98,3351.7,0.139,0.7,99926.76,113583.64,8145.95,High
2025-12-03,SUP007,Eta Systems,India,0.95,P001,Microchips,Electronics,1326,2484,1906,6,6,0,0,65.09,3780.23,0.167,1.873,90089.57,104818.88,9203.02,Low
2025-12-03,SUP004,Delta Manufacturing,China,0.94,P002,Processors,Electronics,836,1053,1984,12,12,0,0,135.01,4206.23,0.185,1.26,117074.59,138344.31,15009.42,Low
2025-12-03,SUP002,Beta Electronics,Vietnam,0.92,P003,Memory Modules,Electronics,1307,951,1937,9,9,0,0,19.51,4233.75,0.197,0.728,29733.32,35173.76,13212.0,Medium
2025-12-03,SUP003,Gamma Semiconductors,Taiwan,0.89,P004,Display Panels,Electronics,927,1679,1610,16,16,0,0,51.42,2312.17,0.151,1.811,49978.51,57350.7,9312.87,Medium
2025-12-03,SUP006,Zeta Industrial,South Korea,0.97,P005,Battery Cells,Energy,1072,2323,1230,9,9,0,0,107.49,3890.62,0.181,2.167,119119.9,140328.5,13917.72,Low
2025-12-03,SUP005,Epsilon Tech,Malaysia,0.91,P006,Sensors,Electronics,870,2039,1652,7,7,0,0,121.1,1546.44,0.084,2.344,106903.44,115818.38,6382.04,Medium
2025-12-03,SUP001,Alpha Components,India,0.96,P007,Power Modules,Electronics,614,479,1525,2,2,0,0,16.1,974.68,0.138,0.78,10860.08,12291.52,3857.05,Medium
2025-12-03,SUP008,Theta Components,Singapore,0.93,P008,Circuit Boards,Electronics,1465,1572,2430,4,4,0,0,64.68,3193.68,0.148,1.073,97949.88,112210.13,10540.42,Low
2025-12-10,SUP006,Zeta Industrial,South Korea,0.97,P001,Microchips,Electronics,1465,1413,2016,11,11,0,0,139.22,4888.31,0.175,0.965,208845.61,244965.86,15942.93,Medium
2025-12-10,SUP002,Beta Electronics,Vietnam,0.92,P002,Processors,Electronics,809,1766,2298,11,11,0,0,120.18,1930.92,0.137,2.183,99156.54,112608.72,6876.29,Medium
2025-12-10,SUP001,Alpha Components,India,0.96,P003,Memory Modules,Electronics,1340,511,1966,4,4,0,0,149.68,2532.83,0.103,0.381,203104.03,223893.3,8566.34,High
2025-12-10,SUP005,Epsilon Tech,Malaysia,0.91,P004,Display Panels,Electronics,616,337,1946,8,8,0,0,100.05,776.51,0.172,0.547,62407.31,73074.59,4365.92,High
2025-12-10,SUP007,Eta Systems,India,0.95,P005,Battery Cells,Energy,568,1166,1529,6,6,0,0,131.28,1838.13,0.074,2.053,76405.17,81991.14,6889.6,Low
2025-12-10,SUP004,Delta Manufacturing,China,0.94,P006,Sensors,Electronics,1126,590,1701,7,7,0,0,89.93,2054.66,0.17,0.524,103315.84,120704.89,7622.51,High
2025-12-10,SUP003,Gamma Semiconductors,Taiwan,0.89,P007,Power Modules,Electronics,782,1324,2567,13,13,0,0,87.29,4414.72,0.106,1.693,72675.5,80145.12,15852.52,Medium
2025-12-10,SUP008,Theta Components,Singapore,0.93,P008,Circuit Boards,Electronics,1741,4265,2584,7,7,0,0,120.38,4621.05,0.104,2.45,214202.63,236239.41,13973.13,Low
2025-12-17,SUP004,Delta Manufacturing,China,0.94,P001,Microchips,Electronics,1189,2857,1781,8,8,0,0,90.45,4711.72,0.151,2.403,112256.77,128851.81,16556.5,Low
2025-12-17,SUP007,Eta Systems,India,0.95,P002,Processors,Electronics,1179,806,2061,6,21,1,15,47.81,1094.81,0.116,0.684,57462.8,64064.99,5515.4,High
2025-12-17,SUP008,Theta Components,Singapore,0.93,P003,Memory Modules,Electronics,1073,894,1358,7,7,0,0,70.85,717.63,0.173,0.833,76739.68,89953.57,4734.34,Medium
2025-12-17,SUP003,Gamma Semiconductors,Taiwan,0.89,P004,Display Panels,Electronics,497,199,1604,16,16,0,0,119.39,3193.53,0.112,0.4,62530.36,69354.92,13990.9,High
2025-12-17,SUP006,Zeta Industrial,South Korea,0.97,P005,Battery Cells,Energy,811,715,1323,6,14,1,8,16.46,3219.62,0.165,0.882,16568.68,19036.89,10926.55,High
2025-12-17,SUP002,Beta Electronics,Vietnam,0.92,P006,Sensors,Electronics,822,668,1977,11,11,0,0,129.38,4785.87,0.183,0.813,111136.23,131036.25,12784.33,Medium
2025-12-17,SUP001,Alpha Components,India,0.96,P007,Power Modules,Electronics,674,222,2399,6,6,0,0,36.66,1661.47,0.067,0.329,26370.31,28081.46,8109.74,High
2025-12-17,SUP005,Epsilon Tech,Malaysia,0.91,P008,Circuit Boards,Electronics,1025,1967,2448,4,4,0,0,91.67,2544.25,0.118,1.919,96506.0,107743.6,12838.67,Medium
2025-12-24,SUP007,Eta Systems,India,0.95,P001,Microchips,Electronics,970,2581,1333,3,3,0,0,20.94,1786.55,0.151,2.661,22098.35,25300.32,4994.79,Low
2025-12-24,SUP003,Gamma Semiconductors,Taiwan,0.89,P002,Processors,Electronics,605,1043,2178,13,13,0,0,11.16,4948.43,0.056,1.724,11700.23,12216.89,21505.03,Medium
2025-12-24,SUP005,Epsilon Tech,Malaysia,0.91,P003,Memory Modules,Electronics,1231,1596,1736,7,7,0,0,121.25,3548.96,0.132,1.297,152807.71,172744.1,13368.98,Medium
2025-12-24,SUP008,Theta Components,Singapore,0.93,P004,Display Panels,Electronics,894,717,2072,4,4,0,0,54.14,3592.83,0.194,0.802,51993.99,61732.32,14314.75,Medium
2025-12-24,SUP001,Alpha Components,India,0.96,P005,Battery Cells,Energy,962,990,2386,4,4,0,0,111.78,2390.05,0.137,1.029,109922.41,124818.06,11200.46,Low
2025-12-24,SUP006,Zeta Industrial,South Korea,0.97,P006,Sensors,Electronics,952,548,2249,7,7,0,0,73.27,3540.93,0.143,0.576,73293.97,83521.83,12241.87,High
2025-12-24,SUP002,Beta Electronics,Vietnam,0.92,P007,Power Modules,Electronics,527,389,1618,12,12,0,0,132.9,4581.69,0.199,0.738,74619.99,89013.49,11345.66,Medium
2025-12-24,SUP004,Delta Manufacturing,China,0.94,P008,Circuit Boards,Electronics,863,1753,2138,7,7,0,0,30.93,2622.83,0.133,2.031,29315.42,33039.95,9445.92,Low
2025-12-31,SUP001,Alpha Components,India,0.96,P001,Microchips,Electronics,1139,1027,1846,6,6,0,0,35.8,2809.29,0.07,0.902,43585.49,46538.15,9708.08,Medium
2025-12-31,SUP004,Delta Manufacturing,China,0.94,P002,Processors,Electronics,1178,1772,1227,7,7,0,0,136.94,1591.6,0.064,1.504,162906.92,173282.03,5445.19,Low
2025-12-31,SUP005,Epsilon Tech,Malaysia,0.91,P003,Memory Modules,Electronics,1302,718,2450,4,4,0,0,25.8,1641.26,0.146,0.551,35232.86,40257.05,6307.41,High
2025-12-31,SUP006,Zeta Industrial,South Korea,0.97,P004,Display Panels,Electronics,525,815,1590,10,10,0,0,69.01,3874.37,0.187,1.552,40104.62,47241.93,12961.11,Low
2025-12-31,SUP002,Beta Electronics,Vietnam,0.92,P005,Battery Cells,Energy,838,1700,1544,11,11,0,0,19.58,895.05,0.076,2.029,17303.09,18584.11,3830.97,Medium
2025-12-31,SUP008,Theta Components,Singapore,0.93,P006,Sensors,Electronics,1299,1331,1579,8,8,0,0,51.85,1820.91,0.09,1.025,69174.06,75317.78,7117.06,Low
2025-12-31,SUP007,Eta Systems,India,0.95,P007,Power Modules,Electronics,568,1371,1446,3,3,0,0,10.69,3811.63,0.081,2.414,9883.55,10529.75,9188.94,Low
2025-12-31,SUP003,Gamma Semiconductors,Taiwan,0.89,P008,Circuit Boards,Electronics,990,367,2389,12,12,0,0,27.61,4366.0,0.125,0.371,31699.9,35389.51,16275.61,High
2026-01-07,SUP006,Zeta Industrial,South Korea,0.97,P001,Microchips,Electronics,1607,4235,2338,11,11,0,0,133.85,1181.17,0.073,2.635,216278.12,232023.31,4795.8,Low
2026-01-07,SUP007,Eta Systems,India,0.95,P002,Processors,Electronics,1042,1823,2353,5,5,0,0,79.63,1904.85,0.114,1.75,84879.31,94446.97,8585.21,Low
2026-01-07,SUP003,Gamma Semiconductors,Taiwan,0.89,P003,Memory Modules,Electronics,1266,1174,2059,10,10,0,0,114.68,4536.48,0.177,0.927,149721.36,175820.56,13238.05,Medium
2026-01-07,SUP005,Epsilon Tech,Malaysia,0.91,P004,Display Panels,Electronics,918,2369,1466,9,19,1,10,19.7,3199.86,0.123,2.581,21284.46,23705.66,12145.64,High
2026-01-07,SUP002,Beta Electronics,Vietnam,0.92,P005,Battery Cells,Energy,406,600,2378,11,11,0,0,142.19,3571.43,0.1,1.478,61300.57,67252.06,11518.5,Medium
2026-01-07,SUP004,Delta Manufacturing,China,0.94,P006,Sensors,Electronics,1237,889,2338,11,16,1,5,143.24,1979.7,0.149,0.719,179167.58,205716.06,9879.16,High
2026-01-07,SUP001,Alpha Components,India,0.96,P007,Power Modules,Electronics,775,735,1611,2,2,0,0,92.89,868.85,0.147,0.948,72858.6,83504.95,4384.25,Medium
2026-01-07,SUP008,Theta Components,Singapore,0.93,P008,Circuit Boards,Electronics,1036,2776,1715,9,9,0,0,62.44,1257.25,0.175,2.68,65945.09,77375.47,5249.34,Low
2026-01-14,SUP002,Beta Electronics,Vietnam,0.92,P001,Microchips,Electronics,1231,3243,1423,8,8,0,0,103.28,3636.61,0.104,2.634,130774.29,144185.71,16790.53,Medium
2026-01-14,SUP008,Theta Components,Singapore,0.93,P002,Processors,Electronics,599,432,1817,4,4,0,0,97.66,1717.52,0.087,0.721,60215.86,65379.93,7841.74,Medium
2026-01-14,SUP006,Zeta Industrial,South Korea,0.97,P003,Memory Modules,Electronics,1287,3529,1538,9,9,0,0,146.56,2161.11,0.104,2.742,190783.83,210512.97,7966.6,Low
2026-01-14,SUP007,Eta Systems,India,0.95,P004,Display Panels,Electronics,901,647,1964,4,4,0,0,18.42,3484.16,0.139,0.718,20080.58,22629.63,11214.52,Medium
2026-01-14,SUP003,Gamma Semiconductors,Taiwan,0.89,P005,Battery Cells,Energy,421,1050,1290,10,22,1,12,14.54,4688.71,0.149,2.494,10810.05,12071.44,17456.19,High
2026-01-14,SUP001,Alpha Components,India,0.96,P006,Sensors,Electronics,1024,1642,1568,2,2,0,0,75.98,4379.34,0.066,1.604,82182.86,87462.41,15515.66,Low
2026-01-14,SUP005,Epsilon Tech,Malaysia,0.91,P007,Power Modules,Electronics,713,1652,2301,14,18,1,4,110.64,1543.29,0.156,2.317,80429.61,92856.25,4889.63,High
2026-01-14,SUP004,Delta Manufacturing,China,0.94,P008,Circuit Boards,Electronics,858,1024,1360,9,9,0,0,23.34,1546.86,0.163,1.193,21572.58,24962.84,5465.39,Low
2026-01-21,SUP007,Eta Systems,India,0.95,P001,Microchips,Electronics,1094,2743,1388,7,19,1,12,83.97,669.64,0.171,2.507,92532.82,108298.68,3737.75,High
2026-01-21,SUP003,Gamma Semiconductors,Taiwan,0.89,P002,Processors,Electronics,1131,2886,1500,10,10,0,0,21.83,3678.67,0.102,2.552,28368.4,31074.36,8498.76,Medium
2026-01-21,SUP004,Delta Manufacturing,China,0.94,P003,Memory Modules,Electronics,1234,808,1890,11,11,0,0,143.1,1116.59,0.131,0.655,177701.99,200907.81,4531.93,High
2026-01-21,SUP001,Alpha Components,India,0.96,P004,Display Panels,Electronics,685,1653,2033,4,4,0,0,23.17,4790.31,0.059,2.413,20661.76,21739.49,13035.83,Low
2026-01-21,SUP005,Epsilon Tech,Malaysia,0.91,P005,Battery Cells,Energy,797,739,1470,9,9,0,0,48.27,1968.27,0.053,0.927,40439.46,42530.59,7985.29,Medium
2026-01-21,SUP006,Zeta Industrial,South Korea,0.97,P006,Sensors,Electronics,1176,792,1809,8,8,0,0,27.74,2480.32,0.122,0.673,35102.56,39233.77,7108.11,High
2026-01-21,SUP002,Beta Electronics,Vietnam,0.92,P007,Power Modules,Electronics,599,614,1785,12,12,0,0,94.04,2766.69,0.182,1.025,59096.65,69600.47,12581.76,Medium
2026-01-21,SUP008,Theta Components,Singapore,0.93,P008,Circuit Boards,Electronics,1839,4095,2065,3,3,0,0,79.48,4083.98,0.161,2.227,150247.7,174108.82,15947.1,Low
2026-01-28,SUP008,Theta Components,Singapore,0.93,P001,Microchips,Electronics,896,1225,2402,8,8,0,0,58.03,693.95,0.077,1.367,52688.83,56719.15,4072.16,Low
2026-01-28,SUP001,Alpha Components,India,0.96,P002,Processors,Electronics,679,1283,2066,7,7,0,0,118.08,2041.66,0.144,1.89,82217.98,93910.37,5443.59,Low
2026-01-28,SUP004,Delta Manufacturing,China,0.94,P003,Memory Modules,Electronics,968,2471,1880,7,7,0,0,124.49,3028.39,0.151,2.553,123534.71,141959.81,14050.67,Low
2026-01-28,SUP007,Eta Systems,India,0.95,P004,Display Panels,Electronics,489,961,1425,5,5,0,0,35.93,1568.67,0.095,1.965,19138.44,20882.08,6173.4,Low
2026-01-28,SUP003,Gamma Semiconductors,Taiwan,0.89,P005,Battery Cells,Energy,952,894,1031,10,23,1,13,121.73,1310.71,0.066,0.939,117197.67,124889.46,6580.79,High
2026-01-28,SUP006,Zeta Industrial,South Korea,0.97,P006,Sensors,Electronics,914,526,1543,6,6,0,0,110.99,2121.77,0.063,0.575,103566.63,110024.49,6510.45,High
2026-01-28,SUP002,Beta Electronics,Vietnam,0.92,P007,Power Modules,Electronics,865,1216,2343,14,25,1,11,42.87,4155.47,0.101,1.406,41238.02,45193.21,10196.83,High
2026-01-28,SUP005,Epsilon Tech,Malaysia,0.91,P008,Circuit Boards,Electronics,967,1892,1953,10,10,0,0,19.5,4444.76,0.159,1.957,23301.26,26652.8,13052.79,Medium
2026-02-04,SUP004,Delta Manufacturing,China,0.94,P001,Microchips,Electronics,1137,2326,2218,14,14,0,0,78.89,1474.61,0.181,2.046,91172.54,107541.32,4930.82,Low
2026-02-04,SUP002,Beta Electronics,Vietnam,0.92,P002,Processors,Electronics,703,619,1353,10,10,0,0,138.25,2991.01,0.095,0.881,100180.76,109555.86,9508.91,Medium
2026-02-04,SUP003,Gamma Semiconductors,Taiwan,0.89,P003,Memory Modules,Electronics,848,2311,1566,13,13,0,0,96.5,3837.32,0.171,2.725,85669.32,99990.68,16040.13,Medium
2026-02-04,SUP005,Epsilon Tech,Malaysia,0.91,P004,Display Panels,Electronics,936,434,2289,11,11,0,0,58.69,3356.35,0.078,0.464,58290.19,62705.93,13779.94,High
2026-02-04,SUP007,Eta Systems,India,0.95,P005,Battery Cells,Energy,489,448,2557,6,6,0,0,23.07,2891.11,0.109,0.916,14172.34,15559.56,10538.36,Medium
2026-02-04,SUP006,Zeta Industrial,South Korea,0.97,P006,Sensors,Electronics,1260,2441,2323,11,11,0,0,71.44,1055.52,0.081,1.937,91069.92,98403.83,3236.54,Low
2026-02-04,SUP008,Theta Components,Singapore,0.93,P007,Power Modules,Electronics,956,853,1186,7,7,0,0,112.82,4356.34,0.191,0.892,112212.26,133228.77,14950.21,Medium
2026-02-04,SUP001,Alpha Components,India,0.96,P008,Circuit Boards,Electronics,877,852,2283,7,7,0,0,135.43,1037.21,0.099,0.971,119809.32,131619.1,5560.38,Medium
2026-02-11,SUP002,Beta Electronics,Vietnam,0.92,P001,Microchips,Electronics,1156,1037,2015,8,8,0,0,108.34,2909.06,0.145,0.897,128150.1,146520.96,8131.3,Medium
2026-02-11,SUP005,Epsilon Tech,Malaysia,0.91,P002,Processors,Electronics,954,823,1839,11,11,0,0,112.9,1878.21,0.09,0.863,109584.81,119362.92,7749.01,Medium
2026-02-11,SUP001,Alpha Components,India,0.96,P003,Memory Modules,Electronics,918,2238,1737,2,2,0,0,50.99,2896.12,0.135,2.438,49704.94,56219.62,10534.42,Low
2026-02-11,SUP006,Zeta Industrial,South Korea,0.97,P004,Display Panels,Electronics,505,1362,2208,10,10,0,0,25.24,3745.1,0.078,2.697,16491.3,17631.56,10566.85,Low
2026-02-11,SUP004,Delta Manufacturing,China,0.94,P005,Battery Cells,Energy,840,687,2094,10,10,0,0,123.47,1658.66,0.166,0.818,105373.46,122727.79,5998.82,Medium
2026-02-11,SUP008,Theta Components,Singapore,0.93,P006,Sensors,Electronics,1137,1409,2080,7,7,0,0,139.02,2760.67,0.099,1.239,160826.41,176611.57,11052.77,Low
2026-02-11,SUP007,Eta Systems,India,0.95,P007,Power Modules,Electronics,543,525,1285,3,8,1,5,113.17,2682.58,0.063,0.967,64133.89,68089.82,12054.46,High
2026-02-11,SUP003,Gamma Semiconductors,Taiwan,0.89,P008,Circuit Boards,Electronics,856,717,2405,11,22,1,11,72.87,4305.5,0.067,0.838,66682.22,71005.69,12307.64,High
2026-02-18,SUP005,Epsilon Tech,Malaysia,0.91,P001,Microchips,Electronics,856,694,1179,10,10,0,0,127.85,1680.84,0.113,0.811,111120.44,123582.08,4619.18,Medium
2026-02-18,SUP006,Zeta Industrial,South Korea,0.97,P002,Processors,Electronics,951,836,1721,11,11,0,0,22.13,3949.68,0.195,0.879,24995.31,29484.3,18490.01,Medium
2026-02-18,SUP004,Delta Manufacturing,China,0.94,P003,Memory Modules,Electronics,1324,2380,2289,8,8,0,0,45.66,1263.92,0.064,1.798,61717.76,65627.25,5095.48,Low
2026-02-18,SUP003,Gamma Semiconductors,Taiwan,0.89,P004,Display Panels,Electronics,929,1197,1056,15,30,1,15,39.29,2818.87,0.065,1.288,39319.28,41783.42,12351.75,High
2026-02-18,SUP001,Alpha Components,India,0.96,P005,Battery Cells,Energy,507,1271,2167,5,5,0,0,105.0,4696.55,0.136,2.507,57931.55,65490.88,10824.73,Low
2026-02-18,SUP007,Eta Systems,India,0.95,P006,Sensors,Electronics,887,847,1528,6,6,0,0,110.13,1721.98,0.097,0.955,99407.29,108966.28,8112.37,Medium
2026-02-18,SUP008,Theta Components,Singapore,0.93,P007,Power Modules,Electronics,762,599,2163,8,8,0,0,115.42,2633.71,0.084,0.786,90583.75,98082.17,9446.39,Medium
2026-02-18,SUP002,Beta Electronics,Vietnam,0.92,P008,Circuit Boards,Electronics,1295,1276,2460,13,13,0,0,143.2,2038.4,0.198,0.985,187482.4,224402.11,10637.38,Medium
2026-02-25,SUP003,Gamma Semiconductors,Taiwan,0.89,P001,Microchips,Electronics,1152,2993,2596,15,15,0,0,25.15,4896.34,0.078,2.598,33869.14,36319.98,16041.39,Medium
2026-02-25,SUP005,Epsilon Tech,Malaysia,0.91,P002,Processors,Electronics,1119,536,1608,8,8,0,0,107.51,3943.92,0.189,0.479,124247.61,147357.71,11496.03,High
2026-02-25,SUP007,Eta Systems,India,0.95,P003,Memory Modules,Electronics,1198,937,1420,5,5,0,0,138.43,711.47,0.101,0.782,166550.61,183336.29,3599.96,Medium
2026-02-25,SUP008,Theta Components,Singapore,0.93,P004,Display Panels,Electronics,500,1244,2062,4,4,0,0,39.07,1967.99,0.163,2.488,21502.99,24847.59,6358.32,Low
2026-02-25,SUP006,Zeta Industrial,South Korea,0.97,P005,Battery Cells,Energy,828,1159,1533,9,9,0,0,49.07,2162.09,0.15,1.4,42792.05,49048.7,6518.1,Low
2026-02-25,SUP004,Delta Manufacturing,China,0.94,P006,Sensors,Electronics,869,1880,2313,11,24,1,13,66.32,2770.87,0.051,2.163,60402.95,63412.84,11318.63,High
2026-02-25,SUP001,Alpha Components,India,0.96,P007,Power Modules,Electronics,978,962,1738,4,4,0,0,129.67,2600.95,0.104,0.984,129418.21,142742.45,10058.91,Medium
2026-02-25,SUP002,Beta Electronics,Vietnam,0.92,P008,Circuit Boards,Electronics,1759,1724,2136,11,11,0,0,130.64,4985.64,0.114,0.98,234781.4,261262.3,12143.38,Medium
2026-03-04,SUP006,Zeta Industrial,South Korea,0.97,P001,Microchips,Electronics,883,1364,1306,10,10,0,0,74.66,4360.36,0.096,1.545,70285.14,76823.22,10918.94,Low
2026-03-04,SUP001,Alpha Components,India,0.96,P002,Processors,Electronics,1017,1375,2319,2,2,0,0,55.25,4729.66,0.101,1.352,60918.91,66832.87,21486.99,Low
2026-03-04,SUP005,Epsilon Tech,Malaysia,0.91,P003,Memory Modules,Electronics,1030,797,1452,14,14,0,0,15.12,935.13,0.158,0.774,16508.73,19043.23,3630.48,Medium
2026-03-04,SUP003,Gamma Semiconductors,Taiwan,0.89,P004,Display Panels,Electronics,448,553,2168,16,16,0,0,140.89,2556.77,0.094,1.234,65675.49,71728.82,8573.58,Medium
2026-03-04,SUP002,Beta Electronics,Vietnam,0.92,P005,Battery Cells,Energy,1008,862,1645,11,11,0,0,119.5,2693.33,0.192,0.855,123149.33,146535.44,7633.64,Medium
2026-03-04,SUP008,Theta Components,Singapore,0.93,P006,Sensors,Electronics,1071,2740,2015,6,6,0,0,90.34,1771.48,0.092,2.558,98525.62,107508.49,7585.97,Low
2026-03-04,SUP007,Eta Systems,India,0.95,P007,Power Modules,Electronics,886,735,1476,2,2,0,0,80.49,1664.57,0.097,0.83,72978.71,79976.91,4632.64,Medium
2026-03-04,SUP004,Delta Manufacturing,China,0.94,P008,Circuit Boards,Electronics,1172,1090,2172,7,7,0,0,104.52,3065.82,0.142,0.93,125563.26,143175.57,15010.07,Medium
2026-03-11,SUP006,Zeta Industrial,South Korea,0.97,P001,Microchips,Electronics,1222,2363,1879,9,9,0,0,15.91,1081.51,0.059,1.934,20523.53,21702.51,5470.29,Low
2026-03-11,SUP005,Epsilon Tech,Malaysia,0.91,P002,Processors,Electronics,745,320,1306,13,13,0,0,94.81,2169.38,0.166,0.43,72802.83,84708.04,5967.1,High
2026-03-11,SUP001,Alpha Components,India,0.96,P003,Memory Modules,Electronics,1134,1051,1787,5,5,0,0,89.86,2039.31,0.171,0.927,103940.55,121540.02,6352.71,Medium
2026-03-11,SUP008,Theta Components,Singapore,0.93,P004,Display Panels,Electronics,921,694,2170,8,8,0,0,71.26,4851.36,0.136,0.754,70481.82,79737.46,19899.26,Medium
2026-03-11,SUP004,Delta Manufacturing,China,0.94,P005,Battery Cells,Energy,481,466,1627,7,7,0,0,21.13,2560.55,0.109,0.969,12724.08,13971.45,10594.39,Medium
2026-03-11,SUP002,Beta Electronics,Vietnam,0.92,P006,Sensors,Electronics,954,1367,2402,9,9,0,0,53.86,4500.55,0.074,1.433,55882.99,59851.81,11305.63,Medium
2026-03-11,SUP007,Eta Systems,India,0.95,P007,Power Modules,Electronics,803,587,1603,2,2,0,0,52.82,2709.59,0.098,0.731,45124.05,49413.44,7303.27,Medium
2026-03-11,SUP003,Gamma Semiconductors,Taiwan,0.89,P008,Circuit Boards,Electronics,1707,1415,2477,15,15,0,0,119.66,2322.99,0.05,0.829,206582.61,216853.67,11602.25,Medium
2026-03-18,SUP003,Gamma Semiconductors,Taiwan,0.89,P001,Microchips,Electronics,978,1030,1417,11,11,0,0,51.97,4720.22,0.152,1.053,55546.88,63631.27,10923.85,Medium
2026-03-18,SUP004,Delta Manufacturing,China,0.94,P002,Processors,Electronics,642,497,1887,7,7,0,0,49.14,1574.38,0.082,0.774,33122.26,35773.74,5707.38,Medium
2026-03-18,SUP001,Alpha Components,India,0.96,P003,Memory Modules,Electronics,1076,2717,2035,4,4,0,0,42.32,806.17,0.098,2.525,46342.49,50844.55,3859.87,Low
2026-03-18,SUP005,Epsilon Tech,Malaysia,0.91,P004,Display Panels,Electronics,695,1723,1460,14,14,0,0,33.97,1545.82,0.145,2.479,25154.97,28690.37,7972.03,Medium
2026-03-18,SUP006,Zeta Industrial,South Korea,0.97,P005,Battery Cells,Energy,465,442,1919,11,11,0,0,123.25,1822.63,0.117,0.951,59133.88,65945.92,7409.25,Medium
2026-03-18,SUP002,Beta Electronics,Vietnam,0.92,P006,Sensors,Electronics,1250,1115,2236,13,13,0,0,64.34,2440.45,0.135,0.892,82865.45,93887.56,6143.8,Medium
2026-03-18,SUP008,Theta Components,Singapore,0.93,P007,Power Modules,Electronics,717,936,1622,3,3,0,0,81.66,730.24,0.085,1.305,59280.46,64288.26,3227.36,Low
2026-03-18,SUP007,Eta Systems,India,0.95,P008,Circuit Boards,Electronics,1246,1361,1615,2,2,0,0,50.31,2547.84,0.075,1.092,65234.1,70031.11,8852.62,Low
2026-03-25,SUP005,Epsilon Tech,Malaysia,0.91,P001,Microchips,Electronics,1168,2105,1116,8,16,1,8,20.11,4397.83,0.125,1.802,27886.31,31097.23,12678.46,High
2026-03-25,SUP007,Eta Systems,India,0.95,P002,Processors,Electronics,1184,1641,1887,7,7,0,0,77.37,2858.88,0.15,1.386,94464.96,108420.29,9780.28,Low
2026-03-25,SUP003,Gamma Semiconductors,Taiwan,0.89,P003,Memory Modules,Electronics,891,530,1180,14,26,1,12,96.26,1489.38,0.117,0.595,87257.04,97378.98,6965.31,High
2026-03-25,SUP001,Alpha Components,India,0.96,P004,Display Panels,Electronics,852,2298,1970,3,3,0,0,89.25,4695.57,0.179,2.697,80736.57,94768.16,11784.77,Low
2026-03-25,SUP004,Delta Manufacturing,China,0.94,P005,Battery Cells,Energy,402,390,2215,6,6,0,0,18.64,1503.54,0.111,0.97,8996.82,9912.02,4376.4,Medium
2026-03-25,SUP008,Theta Components,Singapore,0.93,P006,Sensors,Electronics,863,1841,2234,4,4,0,0,44.22,3955.44,0.163,2.133,42117.3,48660.05,13843.47,Low
2026-03-25,SUP002,Beta Electronics,Vietnam,0.92,P007,Power Modules,Electronics,885,477,1409,10,10,0,0,73.83,4029.22,0.192,0.539,69368.77,82300.77,11326.82,High
2026-03-25,SUP006,Zeta Industrial,South Korea,0.97,P008,Circuit Boards,Electronics,884,853,1148,8,8,0,0,58.45,3571.3,0.149,0.965,55241.1,63205.96,13799.01,Medium
2026-04-01,SUP007,Eta Systems,India,0.95,P001,Microchips,Electronics,1220,3122,1458,4,12,1,8,112.63,2754.68,0.136,2.559,140163.28,159038.17,8801.58,High
2026-04-01,SUP002,Beta Electronics,Vietnam,0.92,P002,Processors,Electronics,1005,899,1975,11,16,1,5,97.61,612.43,0.158,0.895,98710.48,114258.35,3776.08,High
2026-04-01,SUP001,Alpha Components,India,0.96,P003,Memory Modules,Electronics,1297,2619,1748,7,7,0,0,90.71,1339.66,0.078,2.019,118990.53,128219.54,4411.68,Low
2026-04-01,SUP004,Delta Manufacturing,China,0.94,P004,Display Panels,Electronics,806,273,2316,11,11,0,0,149.76,2936.13,0.093,0.339,123642.69,135004.93,14269.5,High
2026-04-01,SUP003,Gamma Semiconductors,Taiwan,0.89,P005,Battery Cells,Energy,940,2160,1987,14,14,0,0,105.9,1777.09,0.154,2.298,101323.09,116790.01,6513.59,Medium
2026-04-01,SUP006,Zeta Industrial,South Korea,0.97,P006,Sensors,Electronics,828,1325,1941,10,10,0,0,90.18,3282.28,0.167,1.6,77951.32,90695.12,13312.55,Low
2026-04-01,SUP005,Epsilon Tech,Malaysia,0.91,P007,Power Modules,Electronics,703,1750,1661,7,7,0,0,52.61,4810.87,0.055,2.489,41795.7,43962.16,16232.48,Medium
2026-04-01,SUP008,Theta Components,Singapore,0.93,P008,Circuit Boards,Electronics,845,649,1922,5,20,1,15,38.06,1149.08,0.164,0.768,33309.78,38678.36,5449.64,High
2026-04-08,SUP006,Zeta Industrial,South Korea,0.97,P001,Microchips,Electronics,1070,1007,1860,7,7,0,0,71.61,2324.62,0.198,0.941,78947.32,94348.75,7357.98,Medium
2026-04-08,SUP004,Delta Manufacturing,China,0.94,P002,Processors,Electronics,727,1309,2438,12,12,0,0,35.93,4762.85,0.081,1.801,30883.96,33192.67,16558.32,Low
2026-04-08,SUP005,Epsilon Tech,Malaysia,0.91,P003,Memory Modules,Electronics,1075,1433,1497,4,4,0,0,18.09,4182.39,0.1,1.333,23629.14,25782.93,15200.9,Medium
2026-04-08,SUP002,Beta Electronics,Vietnam,0.92,P004,Display Panels,Electronics,724,404,1506,9,9,0,0,85.39,890.52,0.086,0.558,62712.88,68067.9,2814.77,High
2026-04-08,SUP007,Eta Systems,India,0.95,P005,Battery Cells,Energy,933,2048,1265,6,13,1,7,69.2,2797.34,0.071,2.195,67360.94,72044.26,9298.32,High
2026-04-08,SUP001,Alpha Components,India,0.96,P006,Sensors,Electronics,1213,598,2255,2,2,0,0,105.51,1596.27,0.17,0.493,129579.9,151472.8,5916.8,High
2026-04-08,SUP003,Gamma Semiconductors,Taiwan,0.89,P007,Power Modules,Electronics,728,1276,2411,16,23,1,7,116.22,4712.79,0.191,1.753,89320.95,105931.18,12143.14,High
2026-04-08,SUP008,Theta Components,Singapore,0.93,P008,Circuit Boards,Electronics,1728,2549,1727,6,6,0,0,110.39,1657.19,0.158,1.475,192411.11,222681.15,5795.62,Low
2026-04-15,SUP005,Epsilon Tech,Malaysia,0.91,P001,Microchips,Electronics,874,2202,2293,13,28,1,15,90.3,4606.72,0.077,2.519,83528.92,89783.29,10299.97,High
2026-04-15,SUP007,Eta Systems,India,0.95,P002,Processors,Electronics,1010,906,1907,5,5,0,0,79.41,4078.0,0.07,0.897,84282.1,90039.12,19377.78,Medium
2026-04-15,SUP003,Gamma Semiconductors,Taiwan,0.89,P003,Memory Modules,Electronics,831,606,2312,13,13,0,0,36.93,1672.98,0.064,0.729,32361.81,34379.43,5968.34,Medium
2026-04-15,SUP004,Delta Manufacturing,China,0.94,P004,Display Panels,Electronics,936,1162,2364,12,12,0,0,17.95,754.82,0.068,1.241,17556.02,18724.17,4650.76,Low
2026-04-15,SUP006,Zeta Industrial,South Korea,0.97,P005,Battery Cells,Energy,1021,558,1157,13,13,0,0,59.29,3367.86,0.061,0.547,63902.95,67698.31,10824.47,High
2026-04-15,SUP001,Alpha Components,India,0.96,P006,Sensors,Electronics,1096,2661,2014,6,6,0,0,63.42,4509.6,0.172,2.428,74017.92,86361.18,17360.27,Low
2026-04-15,SUP008,Theta Components,Singapore,0.93,P007,Power Modules,Electronics,853,752,2085,5,13,1,8,47.35,2523.55,0.102,0.882,42913.1,47161.54,7237.52,High
2026-04-15,SUP002,Beta Electronics,Vietnam,0.92,P008,Circuit Boards,Electronics,1624,4044,2402,14,14,0,0,56.76,585.95,0.153,2.49,92764.19,106912.29,5548.19,Medium
2026-04-22,SUP004,Delta Manufacturing,China,0.94,P001,Microchips,Electronics,1499,1431,1567,6,6,0,0,123.47,3147.94,0.082,0.955,188229.47,203535.22,10365.85,Medium
2026-04-22,SUP007,Eta Systems,India,0.95,P002,Processors,Electronics,831,791,1332,2,2,0,0,15.51,3655.15,0.058,0.952,16543.96,17397.51,16283.42,Medium
2026-04-22,SUP001,Alpha Components,India,0.96,P003,Memory Modules,Electronics,1221,2932,2397,7,11,1,4,91.25,2715.65,0.079,2.401,114131.9,123041.05,9583.12,High
2026-04-22,SUP005,Epsilon Tech,Malaysia,0.91,P004,Display Panels,Electronics,469,869,1149,6,6,0,0,135.61,2554.29,0.072,1.853,66155.38,70826.61,11090.2,Medium
2026-04-22,SUP002,Beta Electronics,Vietnam,0.92,P005,Battery Cells,Energy,793,391,1450,14,14,0,0,108.88,2385.16,0.128,0.493,88727.0,99931.41,6739.51,High
2026-04-22,SUP008,Theta Components,Singapore,0.93,P006,Sensors,Electronics,1131,1348,1803,8,8,0,0,144.63,4840.2,0.093,1.192,168416.73,183854.42,17065.35,Low
2026-04-22,SUP006,Zeta Industrial,South Korea,0.97,P007,Power Modules,Electronics,591,672,1128,7,17,1,10,63.29,3796.76,0.153,1.137,41201.15,47214.47,9569.57,High
2026-04-22,SUP003,Gamma Semiconductors,Taiwan,0.89,P008,Circuit Boards,Electronics,1813,1392,2367,12,12,0,0,22.72,3660.82,0.095,0.768,44852.18,48939.25,13478.64,Medium
2026-04-29,SUP001,Alpha Components,India,0.96,P001,Microchips,Electronics,1567,572,2292,7,7,0,0,60.36,3963.79,0.172,0.365,98547.91,115157.26,14736.74,High
2026-04-29,SUP004,Delta Manufacturing,China,0.94,P002,Processors,Electronics,747,1380,2214,6,6,0,0,20.41,4714.22,0.174,1.847,19960.49,23023.48,18410.71,Low
2026-04-29,SUP006,Zeta Industrial,South Korea,0.97,P003,Memory Modules,Electronics,1014,986,2281,10,13,1,3,61.54,4842.18,0.091,0.972,67243.74,73142.6,15869.37,High
2026-04-29,SUP008,Theta Components,Singapore,0.93,P004,Display Panels,Electronics,430,388,2466,4,4,0,0,102.56,4201.96,0.052,0.902,48302.76,50705.25,13756.01,Medium
2026-04-29,SUP005,Epsilon Tech,Malaysia,0.91,P005,Battery Cells,Energy,654,375,2340,5,5,0,0,37.85,1955.49,0.173,0.573,26709.39,31160.96,7535.49,High
2026-04-29,SUP002,Beta Electronics,Vietnam,0.92,P006,Sensors,Electronics,1259,702,2120,10,10,0,0,45.8,641.04,0.068,0.558,58303.24,62246.06,5134.94,High
2026-04-29,SUP003,Gamma Semiconductors,Taiwan,0.89,P007,Power Modules,Electronics,568,1429,2495,11,11,0,0,123.73,1673.04,0.095,2.516,71951.68,78707.62,4402.55,Medium
2026-04-29,SUP007,Eta Systems,India,0.95,P008,Circuit Boards,Electronics,1055,1201,2191,5,5,0,0,110.24,955.25,0.143,1.138,117258.45,133958.11,4839.23,Low
2026-05-06,SUP003,Gamma Semiconductors,Taiwan,0.89,P001,Microchips,Electronics,945,1155,1515,12,16,1,4,72.36,4339.29,0.137,1.222,72719.49,82384.82,9849.41,High
2026-05-06,SUP006,Zeta Industrial,South Korea,0.97,P002,Processors,Electronics,828,666,1156,10,10,0,0,128.44,2718.42,0.121,0.804,109066.74,122099.35,9971.76,Medium
2026-05-06,SUP008,Theta Components,Singapore,0.93,P003,Memory Modules,Electronics,1287,1085,2283,2,2,0,0,136.99,3220.58,0.129,0.843,179526.71,202477.93,13281.39,Medium
2026-05-06,SUP002,Beta Electronics,Vietnam,0.92,P004,Display Panels,Electronics,743,965,2058,6,11,1,5,85.26,2982.71,0.103,1.299,66330.89,73009.36,10389.97,High
2026-05-06,SUP007,Eta Systems,India,0.95,P005,Battery Cells,Energy,627,483,2207,4,4,0,0,37.25,3691.83,0.053,0.77,27047.58,28383.27,11713.91,Medium
2026-05-06,SUP005,Epsilon Tech,Malaysia,0.91,P006,Sensors,Electronics,1266,3298,1934,13,13,0,0,105.03,1326.04,0.173,2.605,134294.02,157412.18,5376.68,Medium
2026-05-06,SUP001,Alpha Components,India,0.96,P007,Power Modules,Electronics,784,667,2117,5,5,0,0,35.83,4746.95,0.196,0.851,32837.67,38808.65,14700.9,Medium
2026-05-06,SUP004,Delta Manufacturing,China,0.94,P008,Circuit Boards,Electronics,1137,2448,2260,13,13,0,0,103.43,734.11,0.067,2.153,118334.02,126237.81,4169.88,Low
2026-05-13,SUP002,Beta Electronics,Vietnam,0.92,P001,Microchips,Electronics,1412,2746,1988,7,7,0,0,98.65,3647.23,0.067,1.945,142941.03,152395.9,16541.25,Medium
2026-05-13,SUP008,Theta Components,Singapore,0.93,P002,Processors,Electronics,1053,1270,1222,3,3,0,0,80.74,2693.19,0.144,1.206,87712.41,100149.09,12932.32,Low
2026-05-13,SUP005,Epsilon Tech,Malaysia,0.91,P003,Memory Modules,Electronics,1259,490,2093,10,10,0,0,113.88,4980.29,0.15,0.389,148355.21,170234.97,17865.35,High
2026-05-13,SUP006,Zeta Industrial,South Korea,0.97,P004,Display Panels,Electronics,879,2246,1917,9,9,0,0,65.85,4939.56,0.058,2.555,62821.71,66322.12,11525.41,Low
2026-05-13,SUP003,Gamma Semiconductors,Taiwan,0.89,P005,Battery Cells,Energy,642,404,1752,11,11,0,0,9.42,4470.84,0.136,0.629,10518.48,11644.98,12944.51,High
2026-05-13,SUP004,Delta Manufacturing,China,0.94,P006,Sensors,Electronics,1179,547,1846,6,14,1,8,50.2,1110.32,0.072,0.464,60296.12,64597.47,6172.87,High
2026-05-13,SUP001,Alpha Components,India,0.96,P007,Power Modules,Electronics,789,1744,2179,7,7,0,0,138.73,921.35,0.193,2.21,110379.32,131593.62,3799.84,Low
2026-05-13,SUP007,Eta Systems,India,0.95,P008,Circuit Boards,Electronics,1545,4050,2119,4,4,0,0,65.12,730.51,0.124,2.621,101340.91,113861.89,4005.37,Low
2026-05-20,SUP007,Eta Systems,India,0.95,P001,Microchips,Electronics,1127,1157,2326,6,6,0,0,108.43,1356.72,0.105,1.027,123557.33,136459.62,4975.59,Low
2026-05-20,SUP008,Theta Components,Singapore,0.93,P002,Processors,Electronics,1035,898,2487,5,19,1,14,32.78,2204.17,0.176,0.868,36131.47,42296.64,9420.65,High
2026-05-20,SUP002,Beta Electronics,Vietnam,0.92,P003,Memory Modules,Electronics,1270,1749,1974,7,7,0,0,113.15,3906.17,0.141,1.377,147606.67,168143.83,11383.79,Medium
2026-05-20,SUP006,Zeta Industrial,South Korea,0.97,P004,Display Panels,Electronics,802,640,2162,13,13,0,0,63.19,667.5,0.188,0.798,51345.88,60936.16,4273.7,Medium
2026-05-20,SUP001,Alpha Components,India,0.96,P005,Battery Cells,Energy,793,1010,1838,2,2,0,0,136.23,728.84,0.18,1.274,108759.23,128270.3,3771.27,Low
2026-05-20,SUP005,Epsilon Tech,Malaysia,0.91,P006,Sensors,Electronics,1078,2331,2245,4,4,0,0,144.55,3987.87,0.143,2.162,159812.77,182380.86,15437.31,Medium
2026-05-20,SUP004,Delta Manufacturing,China,0.94,P007,Power Modules,Electronics,626,1183,2327,6,6,0,0,37.47,3059.66,0.18,1.89,26515.88,31013.37,10214.13,Low
2026-05-20,SUP003,Gamma Semiconductors,Taiwan,0.89,P008,Circuit Boards,Electronics,936,2516,1375,16,16,0,0,131.27,4465.63,0.103,2.688,127334.35,140219.81,10883.73,Medium
2026-05-27,SUP004,Delta Manufacturing,China,0.94,P001,Microchips,Electronics,837,677,2359,13,13,0,0,93.35,4318.73,0.183,0.809,82452.68,97146.36,14540.33,Medium
2026-05-27,SUP002,Beta Electronics,Vietnam,0.92,P002,Processors,Electronics,558,482,1643,10,18,1,8,95.77,2792.79,0.132,0.864,56232.45,63470.81,8062.32,High
2026-05-27,SUP001,Alpha Components,India,0.96,P003,Memory Modules,Electronics,1321,1186,1868,3,6,1,3,147.01,2238.66,0.09,0.898,196438.87,214017.63,7802.33,High
2026-05-27,SUP005,Epsilon Tech,Malaysia,0.91,P004,Display Panels,Electronics,759,633,1384,11,17,1,6,100.44,4210.33,0.113,0.834,80444.29,89296.61,9387.67,High
2026-05-27,SUP007,Eta Systems,India,0.95,P005,Battery Cells,Energy,839,1096,2316,4,4,0,0,138.75,4857.89,0.131,1.306,121269.14,136837.21,16114.69,Low
2026-05-27,SUP003,Gamma Semiconductors,Taiwan,0.89,P006,Sensors,Electronics,1138,560,2436,10,10,0,0,97.38,1656.11,0.17,0.492,112474.55,131454.45,7490.97,High
2026-05-27,SUP008,Theta Components,Singapore,0.93,P007,Power Modules,Electronics,532,1105,2399,8,8,0,0,137.53,1442.07,0.056,2.077,74608.03,78745.7,6353.8,Low
2026-05-27,SUP006,Zeta Industrial,South Korea,0.97,P008,Circuit Boards,Electronics,1039,399,1462,8,13,1,5,134.67,3797.95,0.126,0.384,143720.08,161589.54,17330.67,High
2026-06-03,SUP008,Theta Components,Singapore,0.93,P001,Microchips,Electronics,1136,980,1909,4,4,0,0,70.57,4356.28,0.153,0.863,84523.8,97122.69,18550.07,Medium
2026-06-03,SUP005,Epsilon Tech,Malaysia,0.91,P002,Processors,Electronics,569,369,1527,11,19,1,8,80.72,4733.11,0.057,0.649,50662.79,53415.68,13820.84,High
2026-06-03,SUP003,Gamma Semiconductors,Taiwan,0.89,P003,Memory Modules,Electronics,878,840,1584,10,10,0,0,121.22,1712.38,0.183,0.957,108143.54,127777.13,4967.53,Medium
2026-06-03,SUP004,Delta Manufacturing,China,0.94,P004,Display Panels,Electronics,581,539,1409,9,9,0,0,141.66,4467.36,0.127,0.928,86771.82,97508.16,17417.72,Medium
2026-06-03,SUP001,Alpha Components,India,0.96,P005,Battery Cells,Energy,532,195,2290,7,7,0,0,10.99,3752.78,0.055,0.367,9599.46,10024.23,13078.74,High
2026-06-03,SUP006,Zeta Industrial,South Korea,0.97,P006,Sensors,Electronics,1030,807,2227,9,9,0,0,149.55,2436.54,0.098,0.783,156473.04,171688.01,11013.07,Medium
2026-06-03,SUP002,Beta Electronics,Vietnam,0.92,P007,Power Modules,Electronics,972,692,1900,7,7,0,0,106.14,4474.37,0.192,0.712,107642.45,127880.26,15276.83,Medium
2026-06-03,SUP007,Eta Systems,India,0.95,P008,Circuit Boards,Electronics,844,655,2331,2,2,0,0,101.43,4207.53,0.147,0.776,89814.45,102707.92,19105.9,Medium
2026-06-10,SUP006,Zeta Industrial,South Korea,0.97,P001,Microchips,Electronics,1012,1866,1651,8,8,0,0,145.8,1005.74,0.09,1.844,148555.34,161880.06,5281.04,Low
2026-06-10,SUP003,Gamma Semiconductors,Taiwan,0.89,P002,Processors,Electronics,1061,763,1688,16,16,0,0,38.91,4847.1,0.07,0.719,46130.61,49190.1,14152.49,Medium
2026-06-10,SUP008,Theta Components,Singapore,0.93,P003,Memory Modules,Electronics,1033,2132,2332,8,8,0,0,9.42,881.45,0.171,2.064,10612.31,12351.65,5669.65,Low
2026-06-10,SUP007,Eta Systems,India,0.95,P004,Display Panels,Electronics,934,1020,1794,2,2,0,0,121.47,2788.16,0.085,1.092,116241.14,126003.14,12628.04,Low
2026-06-10,SUP001,Alpha Components,India,0.96,P005,Battery Cells,Energy,926,709,1812,4,4,0,0,144.29,3542.71,0.186,0.766,137155.25,162336.65,14529.31,Medium
2026-06-10,SUP005,Epsilon Tech,Malaysia,0.91,P006,Sensors,Electronics,776,2000,1228,11,11,0,0,39.3,4663.8,0.18,2.577,35160.6,41069.77,14835.26,Medium
2026-06-10,SUP004,Delta Manufacturing,China,0.94,P007,Power Modules,Electronics,693,647,1523,10,10,0,0,81.7,4906.68,0.154,0.934,61524.78,70621.78,17688.43,Medium
2026-06-10,SUP002,Beta Electronics,Vietnam,0.92,P008,Circuit Boards,Electronics,1833,2851,1824,10,10,0,0,9.21,3924.53,0.157,1.555,20806.46,23765.0,12492.71,Medium
2026-06-17,SUP003,Gamma Semiconductors,Taiwan,0.89,P001,Microchips,Electronics,1308,1172,2384,13,13,0,0,106.98,3020.52,0.108,0.896,142950.36,158225.89,10894.29,Medium
2026-06-17,SUP006,Zeta Industrial,South Korea,0.97,P002,Processors,Electronics,1017,657,1260,10,10,0,0,125.24,770.04,0.106,0.646,128139.12,141681.05,4881.03,High
2026-06-17,SUP007,Eta Systems,India,0.95,P003,Memory Modules,Electronics,1074,2716,1552,3,3,0,0,66.26,2618.15,0.057,2.529,73781.39,77912.31,8260.74,Low
2026-06-17,SUP001,Alpha Components,India,0.96,P004,Display Panels,Electronics,783,635,2345,2,2,0,0,46.67,1028.76,0.088,0.811,37571.37,40832.39,5591.21,Medium
2026-06-17,SUP002,Beta Electronics,Vietnam,0.92,P005,Battery Cells,Energy,576,790,1256,14,14,0,0,24.58,1080.79,0.131,1.372,15238.87,17164.37,5217.2,Medium
2026-06-17,SUP008,Theta Components,Singapore,0.93,P006,Sensors,Electronics,722,1035,1254,7,7,0,0,83.32,3482.54,0.139,1.434,63639.58,72243.45,10741.11,Low
2026-06-17,SUP004,Delta Manufacturing,China,0.94,P007,Power Modules,Electronics,715,1531,1375,8,8,0,0,124.21,1272.55,0.171,2.141,90082.7,105378.04,5717.9,Low
2026-06-17,SUP005,Epsilon Tech,Malaysia,0.91,P008,Circuit Boards,Electronics,1350,2861,2414,11,11,0,0,94.58,1651.43,0.111,2.119,129334.43,143598.9,7467.66,Medium
2026-06-24,SUP002,Beta Electronics,Vietnam,0.92,P001,Microchips,Electronics,1582,4063,2102,14,14,0,0,20.61,4392.48,0.098,2.568,36997.5,40408.02,11936.45,Medium
2026-06-24,SUP001,Alpha Components,India,0.96,P002,Processors,Electronics,592,426,2165,6,6,0,0,89.26,2488.34,0.102,0.72,55330.26,60847.04,10322.27,Medium
2026-06-24,SUP005,Epsilon Tech,Malaysia,0.91,P003,Memory Modules,Electronics,887,812,2347,5,5,0,0,47.64,3408.64,0.181,0.915,45665.32,53622.26,8468.39,Medium
2026-06-24,SUP004,Delta Manufacturing,China,0.94,P004,Display Panels,Electronics,710,1025,2431,7,7,0,0,101.07,1549.34,0.18,1.444,73309.04,86365.23,5388.42,Low
2026-06-24,SUP008,Theta Components,Singapore,0.93,P005,Battery Cells,Energy,1097,985,2418,4,17,1,13,122.03,2368.68,0.093,0.898,136235.59,148795.36,7768.03,High
2026-06-24,SUP006,Zeta Industrial,South Korea,0.97,P006,Sensors,Electronics,725,678,1484,7,7,0,0,11.53,517.61,0.084,0.935,8876.86,9600.78,3087.31,Medium
2026-06-24,SUP007,Eta Systems,India,0.95,P007,Power Modules,Electronics,628,484,1784,5,5,0,0,21.99,1544.35,0.156,0.771,15354.07,17628.85,7268.31,Medium
2026-06-24,SUP003,Gamma Semiconductors,Taiwan,0.89,P008,Circuit Boards,Electronics,1445,2061,2067,14,14,0,0,133.93,4499.85,0.162,1.426,198028.7,229744.86,11170.88,Medium
